1.764095020299e-02,6.753603331856e-03,5.103586858614e-02,-3.923048047825e-01
1.839672126454e-02,-1.052581938961e-02,5.316174786260e-02,-4.373942020722e-01
2.014531436691e-02,-3.260293463017e-03,4.782041931632e-02,-3.660104913806e-01
2.393587986556e-02,-7.248199206241e-03,5.103115503379e-02,-4.422433783108e-01
2.318010880401e-02,3.475983148489e-03,4.890527575734e-02,-4.035237710058e-01
2.647237227744e-02,7.154200157666e-03,4.162984135028e-02,-3.769351589714e-01
3.263925270123e-02,1.797254845404e-02,4.095721856643e-02,-4.546710824444e-01
3.407241313810e-02,1.121555705691e-02,4.191995150368e-02,-4.527991289240e-01
3.526795205856e-02,2.344416800750e-02,3.553093511423e-02,-4.469089459497e-01
3.940506685281e-02,7.739573908423e-03,3.782773505014e-02,-4.588788791912e-01
4.062628132590e-02,2.110692632850e-02,3.092412584731e-02,-4.636685765037e-01
4.333023568328e-02,1.215932362655e-02,3.225819284598e-02,-4.547768149461e-01
2.111727941501e-02,1.316701660934e-02,3.816933914668e-02,-3.163037286661e-01
1.646738120932e-02,1.276641978353e-02,4.544477355374e-02,-3.429589240000e-01
2.820412321677e-02,2.539562755993e-02,3.432039981349e-02,-4.110092517237e-01
2.137928520153e-02,2.288834963903e-02,4.567730781207e-02,-4.352242460237e-01
1.806467821409e-02,1.344103346085e-02,3.056364476766e-02,-2.455460991546e-01
2.557542385944e-02,1.992400800647e-02,3.974668326570e-02,-4.026455912224e-01
1.047068583647e-02,2.056825019240e-02,5.012748608463e-02,-4.166266737978e-01
1.727328703738e-02,1.940897842526e-02,4.877063357812e-02,-4.172560999362e-01
2.205367427062e-02,3.756012971238e-02,3.319433399395e-02,-4.615389338914e-01
2.485303980313e-02,3.184947086799e-02,3.739962384018e-02,-4.516871921451e-01
1.915311897603e-02,2.954442680777e-02,4.283794993821e-02,-4.390377655124e-01
7.193065653099e-03,2.610740879342e-02,4.799689325582e-02,-4.314000401330e-01
1.176950062851e-02,3.160421419503e-02,4.380068287546e-02,-4.408162736885e-01
3.461685921954e-03,2.473201100430e-02,4.435257480826e-02,-3.679705961637e-01
2.497307193543e-02,3.678217009177e-03,3.402414697126e-02,-2.976001881374e-01
1.990629315104e-02,7.428217009177e-03,2.719219291453e-02,-2.088983911506e-01
2.267169363654e-02,1.088532590563e-02,2.104844182847e-02,-2.228937982204e-01
1.670917595245e-02,-1.680826278439e-02,5.219409221652e-02,-4.521038720967e-01
1.168068186280e-02,-6.537913646383e-03,5.160583428576e-02,-3.569270494003e-01
1.132853558252e-02,-3.260293463017e-03,4.693516440069e-02,-2.957268434045e-01
3.461685921954e-03,1.591523221992e-02,4.346731989263e-02,-2.869396160953e-01
6.739306105320e-03,1.392569155067e-02,4.845644820088e-02,-3.422842404568e-01
1.083834900208e-02,3.277620183366e-03,4.937687334822e-02,-3.294062606168e-01
9.664780008405e-03,9.290436635043e-03,4.378577831581e-02,-2.733768337833e-01
-2.696057806055e-03,1.451290719304e-02,4.532381972043e-02,-2.924495921934e-01
-2.696057806055e-03,2.332968597743e-02,4.620907463606e-02,-3.712495867056e-01
7.912875098990e-03,-3.277620183366e-03,5.478169548885e-02,-3.910137232434e-01
3.277620183366e-03,7.912875098990e-03,5.478169548885e-02,-4.004513213741e-01
7.912875098990e-03,3.277620183366e-03,5.478169548885e-02,-3.930766483855e-01
-6.194277322985e-03,2.493106903797e-02,4.980036066788e-02,-4.280618435893e-01
-5.973677989421e-03,1.252336652379e-02,5.031294802868e-02,-3.547336516422e-01
-9.471897506351e-03,1.939191043694e-02,5.193095349668e-02,-4.207509101753e-01
-3.277620183366e-03,7.912875098990e-03,5.478169548885e-02,-4.023671659924e-01
-1.616671194218e-02,1.847673716518e-02,5.056240982065e-02,-4.177624727207e-01
3.277620183366e-03,-7.912875098990e-03,5.478169548885e-02,-3.852569552252e-01
9.993136550708e-03,-1.745561195679e-02,5.365402638411e-02,-4.240540673592e-01
7.045426947177e-03,-1.117316856201e-02,5.160583428576e-02,-3.468112710004e-01
-7.912875098990e-03,3.277620183366e-03,5.478169548885e-02,-4.001918395344e-01
4.276057659944e-02,2.800537400108e-02,2.172155508278e-02,-4.763070512856e-01
3.882386503260e-02,2.358448588545e-02,2.439403561255e-02,-4.594984837235e-01
2.801227648723e-02,2.017693181779e-02,1.803582425262e-02,-3.410819202774e-01
2.080998955015e-02,1.994372291682e-02,2.520725327226e-02,-2.920834116257e-01
2.649129010840e-02,2.514132561876e-02,2.738666419907e-02,-3.831267061016e-01
2.303917801678e-02,1.738801536160e-02,1.998392733352e-02,-2.704474399547e-01
3.175270265689e-02,2.566742562328e-02,2.206710926504e-02,-4.157237399750e-01
4.044439293867e-02,3.382030249774e-02,1.855507872871e-02,-4.778214142653e-01
3.489530870606e-02,3.521549079989e-02,1.879699502209e-02,-4.713769093997e-01
2.379238501849e-02,3.692236282209e-02,2.768454573089e-02,-4.555096003245e-01
3.450132403607e-02,4.042228089569e-02,1.964468207399e-02,-4.870200357633e-01
3.014032999111e-02,3.148350204106e-02,1.963654502866e-02,-4.365855062468e-01
2.865981289699e-02,4.265525292242e-02,2.321267784876e-02,-4.819620739805e-01
2.487891744262e-02,3.095740203654e-02,2.495609996269e-02,-4.099341684891e-01
-5.731648090494e-03,-1.032306395877e-02,5.531759816719e-02,-3.998745727610e-01
-7.089282822752e-03,-2.410188859784e-03,5.230175042276e-02,-3.501563654505e-01
-2.454027907128e-03,-7.045443775408e-03,5.230175042276e-02,-3.387893382913e-01
-1.036690300612e-02,-5.687809043150e-03,5.531759816719e-02,-4.139763698835e-01
-2.696057806055e-03,9.877652277419e-03,3.855797197600e-02,-2.122037873199e-01
1.197877476198e-02,3.750000000000e-03,2.770177957716e-02,-1.233892211106e-01
3.461685921954e-03,1.127997730429e-02,3.670147214821e-02,-2.026409395185e-01
1.013715982504e-02,9.762816451677e-03,3.107323143028e-02,-1.687161074494e-01
6.387159825039e-03,6.012816451677e-03,3.701993057139e-02,-1.940207549931e-01
1.207275707599e-02,5.055388253171e-03,2.082794371091e-02,-8.439141608234e-02
1.776363146458e-02,8.512497149628e-03,1.677937048420e-02,-1.304438514073e-01
3.752503690879e-02,-9.048634439308e-03,3.899322508735e-02,-4.783579011162e-01
2.376401879645e-02,-3.901171248626e-03,3.500558024010e-02,-2.962689305430e-01
2.601909020001e-02,-1.114937045487e-02,4.473715389558e-02,-4.121846744311e-01
3.210582139490e-02,-1.303654018253e-02,4.298235987980e-02,-4.604025231421e-01
2.222852470136e-02,-7.161464711643e-03,4.152641817811e-02,-3.366578322600e-01
-2.454027907128e-03,-7.130709784365e-03,4.019616988767e-02,-2.179048722824e-01
-2.454027907128e-03,-1.176596469999e-02,4.696201763210e-02,-2.924390920412e-01
3.767806763811e-03,-1.261606930322e-02,4.700025375067e-02,-3.049841141887e-01
6.715516367342e-03,-1.889851269801e-02,4.904844584901e-02,-3.822281705697e-01
2.925473903085e-03,-4.720520924582e-03,3.800544506870e-02,-1.911102456650e-01
6.693280666896e-03,-7.980814387598e-03,4.232958386560e-02,-2.494159190208e-01
1.341174591697e-02,-1.188198563622e-02,3.905143047182e-02,-2.762729763276e-01
1.197877476198e-02,-3.750000000000e-03,2.770177957716e-02,-1.232688779492e-01
1.869724001206e-02,-7.651171248626e-03,2.817362618338e-02,-2.074320413114e-01
6.675473903085e-03,-8.470520924582e-03,3.205874592759e-02,-1.584845843497e-01
1.339393915316e-02,-1.237169217321e-02,3.253059253381e-02,-2.205713584620e-01
2.947709603531e-03,-2.445499801938e-02,4.935956196773e-02,-4.289554614095e-01
8.124726509098e-03,-2.884571824275e-02,4.589789252384e-02,-4.424135955810e-01
1.566328891946e-02,-2.090796077522e-02,4.026043091299e-02,-3.599232018270e-01
1.189253327291e-02,-2.328923292138e-02,4.558677640512e-02,-4.060024664660e-01
1.860857267465e-02,-2.255661774002e-02,4.873242277262e-02,-4.898163841720e-01
2.237932832119e-02,-2.017534559387e-02,4.340607728049e-02,-4.276870292346e-01
2.846605951608e-02,-2.206251532153e-02,4.165128326471e-02,-4.738166755742e-01
3.102384459041e-02,-2.752100909103e-02,3.589956814221e-02,-4.413973777968e-01
4.463119388327e-02,2.268590984707e-02,1.709732428578e-02,-4.756103364764e-01
4.069448231643e-02,1.826502173145e-02,1.976980481554e-02,-4.498637221317e-01
3.364340909016e-02,1.730238090977e-02,1.665551887738e-02,-3.805699627892e-01
4.991583465384e-02,2.066117381763e-02,1.664133612943e-02,-4.874268375080e-01
5.231745244238e-02,1.256206869282e-02,1.695865823745e-02,-5.153578323224e-01
3.855791793070e-02,-2.302664205907e-02,3.164464267891e-02,-4.464970300572e-01
4.141934837026e-02,-1.358024254635e-02,3.340722300896e-02,-4.710058097744e-01
3.011526432955e-02,-3.901171248626e-03,3.067756323336e-02,-3.363153849786e-01
3.694721838627e-02,-3.901171248626e-03,3.419104115884e-02,-4.265286805706e-01
4.838891234208e-02,-4.531608107046e-03,2.526844738985e-02,-4.950964358560e-01
4.084152984774e-02,-8.432779355672e-03,2.860503908045e-02,-4.458863344271e-01
4.208144035571e-02,8.097966727304e-03,2.764006568583e-02,-4.469312338229e-01
4.124810328217e-02,1.172610527525e-02,2.168176789016e-02,-4.384579226995e-01
2.819841307272e-02,7.135325905634e-03,2.101230182218e-02,-2.797229943694e-01
3.132431746852e-02,3.678217009177e-03,2.969612996451e-02,-3.371313403629e-01
3.815627152525e-02,3.678217009177e-03,3.320960789000e-02,-4.267940805594e-01
4.758643263754e-02,8.047888266072e-03,1.932660946841e-02,-4.920833933607e-01
4.841976971109e-02,4.419749718127e-03,2.528490726408e-02,-4.935400925350e-01
3.419703005589e-02,1.076346445358e-02,1.856748195200e-02,-3.624375352988e-01
2.140350284332e-02,-1.121990189112e-02,2.201322676759e-02,-2.163715018210e-01
2.693022227950e-02,-7.469901891120e-03,2.197708676130e-02,-2.684469934517e-01
3.433801166645e-02,-1.200150999817e-02,2.322303873963e-02,-3.785110900443e-01
5.058074198543e-02,-7.935623162534e-03,1.930602134156e-02,-5.030316535024e-01
4.911965173958e-02,-3.404015055487e-03,1.275676850433e-02,-4.953167912905e-01
4.609448502268e-02,3.628138547945e-03,1.276089675695e-02,-4.746077308997e-01
2.151363146458e-02,4.762497149628e-03,1.147606962530e-02,-1.384053517658e-01
2.771175702942e-02,-3.568730642494e-03,1.400524015508e-02,-2.365797446423e-01
2.777089468366e-02,3.457108896457e-03,1.402188848481e-02,-2.372162063169e-01
5.171075974315e-02,2.159435267471e-02,5.757690610363e-03,-5.417911580742e-01
4.402450118404e-02,2.708293891333e-02,1.053161157432e-02,-5.058041546049e-01
4.930914195461e-02,2.505820288389e-02,1.007562341797e-02,-5.251435899101e-01
4.314834729605e-02,3.368947858018e-02,1.107236694299e-02,-5.140685158909e-01
4.729819836149e-02,2.000564615104e-02,2.858480988713e-03,-5.313824821052e-01
4.175544908751e-02,2.190930769161e-02,6.213678766710e-03,-4.926549448367e-01
4.641294344586e-02,1.118886736665e-02,2.858480988713e-03,-4.884239615221e-01
3.762189729554e-02,2.925473903085e-03,5.267160852615e-03,-3.705200124365e-01
3.206277168412e-02,6.382582799542e-03,8.718587625909e-03,-2.990834082016e-01
4.142381513762e-02,6.553612451030e-03,8.125641841328e-03,-4.278460870684e-01
3.586468952620e-02,1.001072134749e-02,1.157706861462e-02,-3.691862761840e-01
3.531106856047e-02,1.654963780368e-02,9.665105540004e-03,-3.919168122838e-01
3.461685921954e-03,3.223201100430e-02,3.890350584822e-02,-3.960131286094e-01
8.038120897364e-03,3.709691046893e-02,3.969642377610e-02,-4.464612797025e-01
1.262237371237e-02,4.074778192606e-02,3.452840099262e-02,-4.874584298443e-01
-1.980111587745e-02,2.229621413926e-02,4.755956054561e-02,-4.439619049652e-01
-6.020168013755e-03,2.672648461022e-02,3.901962115361e-02,-3.419688488806e-01
-3.324110207700e-03,3.425124810104e-02,3.730514739818e-02,-4.137924946878e-01
-1.942352307898e-02,2.361614013628e-02,3.693421478022e-02,-3.565379509194e-01
-2.279422730711e-02,1.930416823172e-02,4.275512458664e-02,-3.897482610628e-01
-1.626149896035e-02,2.026904297884e-02,3.097451716974e-02,-2.856200945931e-01
-6.446057806055e-03,1.362765227742e-02,3.261127283490e-02,-1.923642131531e-01
-9.770168013755e-03,2.165970582584e-02,3.218766709689e-02,-2.712587802396e-01
-3.750000000000e-03,1.432046171151e-02,2.738332115398e-02,-1.395906610054e-01
-7.074110207700e-03,2.235251525993e-02,2.695971541596e-02,-2.352927215609e-01
-3.324110207700e-03,3.073777017556e-02,3.047319334145e-02,-3.434999066141e-01
6.769456217094e-03,1.035868911207e-02,2.082794371091e-02,-7.688687027454e-02
3.461685921954e-03,1.658327816319e-02,3.075477300710e-02,-1.938294136385e-01
3.461685921954e-03,2.871853307882e-02,3.207155179149e-02,-3.305564206541e-01
7.211685921954e-03,1.506611731058e-02,2.678135442982e-02,-1.542818777643e-01
2.151363146458e-02,1.006579800853e-02,6.172768766404e-03,-1.543081794123e-01
2.808935310684e-02,1.168588365844e-02,3.451426773294e-03,-2.556383542632e-01
3.575683210433e-02,2.358447000257e-02,3.355197777996e-03,-4.513128278171e-01
2.538805895707e-02,2.180201566751e-02,1.104541091525e-02,-3.136294194162e-01
2.931245157729e-02,1.822480011464e-02,6.806624551290e-03,-3.256515302401e-01
1.604706020847e-02,1.413507289341e-02,1.490710631439e-02,-1.410190509144e-01
1.035618581989e-02,1.598126485585e-02,1.675898039999e-02,-1.205494885153e-01
1.760036106737e-02,1.568837375231e-02,9.603805455490e-03,-1.549374479962e-01
1.079841552475e-02,2.068869305436e-02,2.271239111891e-02,-2.105448500977e-01
1.646920076389e-02,2.188808165142e-02,2.164787662397e-02,-2.589765996899e-01
1.869838923052e-02,1.933237409620e-02,1.642455068524e-02,-2.256077369636e-01
2.025169008942e-02,2.088567495510e-02,1.112124982634e-02,-2.453075387451e-01
6.194229614019e-03,3.281452511697e-02,2.651018923225e-02,-3.545474849150e-01
9.780959216815e-03,2.630184594513e-02,2.112444713695e-02,-2.655317383117e-01
1.709362815231e-02,3.733791301092e-02,2.391719082211e-02,-4.270461361034e-01
1.077848242903e-02,3.997887449959e-02,2.817412050550e-02,-4.444493338351e-01
1.545174445596e-02,2.750123454219e-02,2.005993264201e-02,-3.074905633681e-01
1.818016057644e-02,3.137295222536e-02,2.118874505392e-02,-3.691158101541e-01
2.374567480137e-02,4.755665408201e-02,1.930772169040e-02,-4.903159299604e-01
1.814910469298e-02,4.517410042079e-02,1.882019373744e-02,-4.712525832166e-01
1.183395896970e-02,4.994565473826e-02,1.889559955208e-02,-4.710815831110e-01
7.316796507076e-03,4.823190579234e-02,2.413462270910e-02,-4.772421434398e-01
-3.324110207700e-03,4.402833406783e-02,2.345390186508e-02,-4.514086541977e-01
-3.324110207700e-03,3.506578718230e-02,2.412194780836e-02,-3.666044606519e-01
2.732543692066e-03,4.535943341019e-02,2.009286448004e-02,-4.534704395705e-01
2.732543692066e-03,3.639688652466e-02,2.076091042331e-02,-3.695708477542e-01
-1.033568775660e-02,3.064269865477e-02,4.557397008472e-02,-4.215307949346e-01
-7.465520641314e-03,3.933097178086e-02,3.806788512327e-02,-4.651248581343e-01
-1.724771187523e-02,2.892301702783e-02,4.470171363847e-02,-4.327134352010e-01
-1.016157844737e-02,3.180620829004e-02,3.978235887870e-02,-4.074899097424e-01
-1.707360256600e-02,3.008652666310e-02,3.891010243246e-02,-4.107443160017e-01
1.885627699171e-02,-1.583775164996e-03,1.066366293655e-02,-9.097511572943e-02
2.146855750896e-02,-6.457894060661e-03,1.137709938701e-02,-1.430836848718e-01
1.771855750896e-02,-1.020789406066e-02,1.668040024591e-02,-1.392349060300e-01
1.208682077462e-02,-6.639163418167e-03,2.074562180234e-02,-9.090223344855e-02
1.135627699171e-02,-1.583775164996e-03,1.816366293655e-02,-5.395839939302e-02
1.587237599305e-02,-1.589872048425e-02,1.482859478248e-02,-1.547562731707e-01
1.024063925871e-02,-1.763329070065e-02,1.669711719781e-02,-1.361674482427e-01
6.783519915722e-03,-1.194246427707e-02,2.074562180234e-02,-8.893080856184e-02
3.750000000000e-03,-1.377382178348e-02,2.776686892713e-02,-1.388638116546e-01
-1.181678441619e-02,-2.410188859784e-03,4.690429047151e-02,-2.877118544851e-01
-7.181529500567e-03,-2.410188859784e-03,4.013844272709e-02,-2.161130525387e-01
-1.117355939949e-02,8.360491424804e-03,3.293709344747e-02,-1.844193341775e-01
-1.766489034609e-02,1.223698943042e-02,3.350066295651e-02,-2.523112428667e-01
-1.264037669243e-02,3.277620183366e-03,4.938423553761e-02,-3.372030514814e-01
-1.070117958286e-02,7.888111608170e-03,4.564964033300e-02,-2.841170125291e-01
-1.933519112826e-02,6.997701827223e-03,5.103153960601e-02,-4.105197649377e-01
-2.060970478192e-02,1.220707107428e-02,4.109466616601e-02,-3.182184207020e-01
-1.739599401869e-02,1.160819325203e-02,4.729694440140e-02,-3.643251561135e-01
-7.423559399493e-03,4.610491424804e-03,3.888379258858e-02,-2.089190934528e-01
-2.487434972928e-02,3.720081643857e-03,4.890094677720e-02,-4.153207701331e-01
-2.673042576026e-02,7.596579649471e-03,4.269866854181e-02,-3.709920149988e-01
-3.221942554673e-02,1.170077842351e-02,4.328330925995e-02,-4.290132243119e-01
-3.031467088097e-02,1.879787558096e-02,4.241105281371e-02,-4.335650840968e-01
-3.350072092516e-02,7.980696779653e-03,3.828576234847e-02,-3.960142832511e-01
-2.801172113868e-02,3.876498005614e-03,3.770112163033e-02,-3.309586636762e-01
-3.990603937181e-03,-2.488682926702e-02,4.886736831709e-02,-4.205724997312e-01
-6.444631844309e-03,-1.848023934241e-02,4.851801607980e-02,-3.625926685074e-01
-9.722252027675e-03,-1.703733860120e-02,5.312359661490e-02,-4.000289215708e-01
-1.601513745226e-02,-1.533962418744e-02,5.215325370605e-02,-3.985050115167e-01
-1.810966984078e-02,-5.347729361646e-03,4.894979530709e-02,-3.555921104844e-01
-2.447242071804e-02,-2.937540501863e-03,4.929914754438e-02,-4.042605389605e-01
-1.665978843070e-02,-8.625349545012e-03,5.361310300277e-02,-4.163503590735e-01
-3.990603937181e-03,-2.836900594234e-02,4.267128195305e-02,-3.874016567153e-01
5.177016905566e-03,-3.068070643892e-02,4.066946180588e-02,-4.012129126203e-01
-9.148416030255e-03,-3.350042622665e-02,4.307760447555e-02,-4.405541105906e-01
2.808633875603e-02,1.168329790569e-02,-3.458976444026e-03,-2.575689592991e-01
3.283881739155e-02,4.339235911859e-02,7.602121187279e-03,-5.239328420679e-01
3.033718433044e-02,4.075139762992e-02,1.216197028827e-02,-5.055186078134e-01
3.073116900043e-02,3.554460753412e-02,1.131428323637e-02,-4.797393599638e-01
2.323635701525e-02,4.952682595778e-02,3.577755627360e-03,-5.363844513871e-01
1.998563550710e-02,3.463685520987e-02,1.251399234189e-02,-4.057850455637e-01
3.664495850671e-02,4.046343135098e-02,3.399236357380e-03,-5.419068010715e-01
3.142881509759e-02,2.993571553566e-02,3.355197777996e-03,-4.595735215915e-01
3.655127819277e-02,3.486709289155e-02,6.754434135377e-03,-5.141202988190e-01
2.442858283898e-02,4.436572327668e-02,1.234048955825e-02,-5.036638620261e-01
1.883201273059e-02,4.198316961545e-02,1.185296160529e-02,-4.702720168990e-01
2.693021590009e-02,4.700668476535e-02,7.780640457259e-03,-5.278875839261e-01
2.597619028548e-02,3.181261877529e-02,1.215383324295e-02,-4.196350980560e-01
2.496434542110e-02,2.762162620724e-02,7.593984141953e-03,-3.680981188740e-01
1.982797655345e-02,2.670528549482e-02,7.669823053043e-03,-3.084186251186e-01
1.725721938662e-02,3.076513752670e-02,1.138517992998e-02,-3.405467050032e-01
3.296116084401e-02,-1.907205151494e-02,2.136887111625e-02,-3.939480097992e-01
4.261117204850e-02,-2.819038642105e-02,2.048533346844e-02,-5.058287872457e-01
3.660324858574e-02,-2.494972038517e-02,2.498829112701e-02,-4.589718105290e-01
4.039827513151e-02,-3.397670354760e-02,1.682196969770e-02,-5.350937327290e-01
1.742567685195e-02,-1.745202134315e-02,9.525293923582e-03,-1.682985848557e-01
2.146855750896e-02,-1.176119491956e-02,6.073798528115e-03,-1.626846331987e-01
2.229202554997e-02,-2.163339944175e-02,1.029926706827e-02,-2.731661615200e-01
2.960769524005e-02,3.134876431560e-02,-3.568095136674e-03,-4.591525134782e-01
3.312117316554e-02,3.818071837233e-02,-3.568095136674e-03,-5.322577652767e-01
3.393571224680e-02,2.499751878251e-02,-3.568095136674e-03,-4.466297742074e-01
3.820270356803e-02,3.912116441431e-02,-7.244250587448e-03,-5.540170276500e-01
2.748831736894e-02,1.963526314182e-02,-7.027071580700e-03,-3.199760077874e-01
2.134840548030e-02,2.239655423285e-02,-1.048710640327e-02,-2.778045084408e-01
2.092770629515e-02,2.821875052532e-02,-7.028129959246e-03,-3.404848846464e-01
3.076955507260e-02,1.848243475707e-02,-1.222612407071e-02,-3.602186666240e-01
-1.033261567705e-02,2.303124209877e-02,2.088901557842e-02,-2.222502437866e-01
-6.582615677052e-03,2.887641995813e-02,1.851118862261e-02,-2.764455291474e-01
-1.378080245234e-02,3.750000000000e-03,2.770914176655e-02,-1.367969422512e-01
-2.449824321320e-02,3.876498005614e-03,3.086916757360e-02,-2.690870874183e-01
-2.027213339894e-02,7.626498005614e-03,2.827271127558e-02,-2.197226305799e-01
-9.206033105830e-03,1.776861084734e-02,1.609862886486e-02,-1.289067982320e-01
-1.125082849538e-02,6.519422296989e-03,2.039260926622e-02,-7.834001718010e-02
-5.947527636478e-03,1.182272315589e-02,2.039260926622e-02,-8.072914301909e-02
8.219285806160e-04,9.378111409059e-03,1.781065040043e-02,-3.521215539418e-02
-1.064359687709e-02,-1.783090603030e-02,4.272910618225e-02,-3.136944125681e-01
-1.767337995793e-02,-9.333650965159e-03,4.316088540954e-02,-3.049915934233e-01
-6.652992939910e-03,-1.111663138788e-02,3.742310773454e-02,-2.181168347200e-01
-4.198965032782e-03,-2.212717497794e-02,3.151026729550e-02,-2.528484657892e-01
-1.693648230168e-02,-1.604792560758e-02,4.636434380850e-02,-3.632558402133e-01
-8.189568969963e-03,-2.353814876147e-02,3.901296488430e-02,-3.203908782529e-01
-4.198965032782e-03,-1.400974338699e-02,3.094050591511e-02,-1.741872563581e-01
-1.138049453335e-02,-6.396110463296e-03,3.736538057396e-02,-2.156007379049e-01
-1.267646662622e-02,-7.735921603513e-03,3.088277875452e-02,-1.709169975782e-01
-2.175691226660e-02,-3.750000000000e-03,2.810889892347e-02,-2.211725083111e-01
-7.948965032782e-03,-1.303922246241e-02,2.658353956467e-02,-1.352576869219e-01
-2.065257644048e-02,-7.735921603513e-03,3.128253591144e-02,-2.424446651191e-01
-1.378080245234e-02,-3.750000000000e-03,2.770914176655e-02,-1.370109703706e-01
-9.256943499380e-03,9.079906474065e-04,1.694894892101e-02,-2.747743116702e-02
-1.080941586290e-02,-5.611431649583e-03,1.996624223149e-02,-6.769895973867e-02
-5.506115004003e-03,-1.091473250848e-02,1.996624223149e-02,-6.880370624833e-02
4.296861128812e-03,-3.445206814579e-03,1.472000259135e-02,1.241499281473e-02
1.277404911718e-03,-1.005389592665e-02,1.730196145714e-02,-3.676765868743e-02
-9.341864233871e-04,2.213378900577e-03,1.436699005522e-02,2.391965063411e-02
-1.364948098292e-02,-3.236806397679e-02,3.800172461013e-02,-4.010561089646e-01
-1.245002998545e-02,-2.072363899693e-02,2.614291461487e-02,-2.357276860935e-01
-8.700029985445e-03,-2.509107058788e-02,2.890937513636e-02,-2.778550979167e-01
-1.269063392263e-02,-2.650204437141e-02,3.641207272517e-02,-3.422368028614e-01
-2.514546739744e-02,-6.759846828905e-03,2.347584115486e-02,-2.431098964600e-01
-2.404113157133e-02,-1.074576843242e-02,2.664947814284e-02,-2.622738431560e-01
-2.286018400677e-02,-1.021696617189e-02,1.902757939341e-02,-2.034901075437e-01
-1.650024228649e-02,-9.068550992572e-03,1.591773762696e-02,-1.110304998221e-01
8.698768627464e-03,1.498675375370e-02,1.026759146472e-02,-7.396032874671e-02
1.653900967496e-02,1.720007789455e-02,-8.107099342974e-03,-1.570820299070e-01
2.058374370424e-02,1.151331290045e-02,-4.647064520401e-03,-1.488223786733e-01
1.791533988357e-02,9.364178009913e-03,1.533253916735e-03,-9.475334824629e-02
1.158396384187e-03,4.968867798421e-03,5.678901978847e-03,5.062342102857e-02
1.400206948636e-02,1.498675375370e-02,4.964290605821e-03,-1.030771706680e-01
2.914511388190e-03,1.213360030690e-02,9.122562324054e-03,-1.449725850898e-02
1.798150476050e-02,-1.035846039707e-02,6.914207590967e-04,-1.016461340759e-01
5.500608006544e-03,3.344938142574e-05,1.445295104980e-03,5.313691075727e-02
1.475672301055e-02,1.894881031009e-03,-4.143454087122e-04,-2.425848374294e-02
1.569766011869e-02,-3.749771285002e-03,3.412762752207e-03,-4.163680447561e-02
6.441545114691e-03,-5.611202934585e-03,5.272403265899e-03,3.062460396013e-02
-4.177537040766e-03,5.779426688576e-03,6.239081855772e-04,4.476138603757e-02
1.646745815902e-04,8.440082715809e-04,-3.609698688290e-03,6.675977145795e-02
-4.685827588083e-03,-4.640016277620e-03,-5.140569232664e-03,4.382458351031e-02
2.450606560144e-02,-2.244974514637e-02,2.033312421963e-02,-3.306000669057e-01
2.124471969435e-02,-2.423940032133e-02,1.581277300888e-02,-3.040857951055e-01
8.005995003282e-03,-2.168312352196e-02,2.578037486775e-02,-2.212334476958e-01
2.542530163499e-02,-3.028284763882e-02,3.134372930170e-02,-4.137990696496e-01
4.255995003282e-03,-2.605055511291e-02,2.854683538924e-02,-2.774385820114e-01
1.615147715893e-02,-2.555696905068e-02,3.394979805670e-02,-3.419267313217e-01
1.146311434627e-02,-2.265342902097e-02,1.957160305388e-02,-2.150108949028e-01
2.814815334317e-02,-2.832741401660e-02,2.395254423040e-02,-4.087910202673e-01
1.709485108061e-02,-2.091885880456e-02,1.770308063855e-02,-2.324388621591e-01
1.472446025336e-02,-2.028099391169e-02,2.844892061507e-02,-2.626753950913e-01
9.433011908848e-03,-2.977322939301e-02,3.404771283087e-02,-3.540969229079e-01
2.035619698770e-02,-1.912920362960e-02,2.222343184930e-02,-2.673776957063e-01
1.387572421505e-02,-3.756215018345e-02,3.137143984709e-02,-4.219234252055e-01
2.314954869112e-02,-3.889111810522e-02,3.035587692104e-02,-4.499552440737e-01
-5.157812093073e-03,-3.892140649985e-02,3.908838481223e-02,-4.481245699591e-01
5.177016905566e-03,-3.809544042996e-02,3.982597338093e-02,-4.567788266338e-01
9.619729211769e-03,-4.178810336060e-02,3.467471269087e-02,-4.631519164282e-01
3.593887569621e-02,-3.865366025951e-02,1.747291044979e-02,-5.192490337950e-01
2.623952106310e-02,-4.168393696266e-02,2.367152832025e-02,-4.737507850566e-01
2.969667737064e-02,-3.624503676440e-02,2.010052732392e-02,-4.701798986010e-01
2.110812824906e-02,-2.790501211238e-02,6.864488624695e-03,-3.316847308887e-01
2.006082239344e-02,-3.051101299196e-02,1.237799456531e-02,-3.606192052302e-01
2.487069232800e-02,-3.663898056481e-02,1.304632886958e-02,-4.573912346484e-01
4.895997385322e-02,1.204165712284e-02,-3.623246323080e-03,-5.104591611610e-01
4.984522876885e-02,2.085843590723e-02,-3.623246323080e-03,-5.377873913711e-01
5.484293230340e-02,-3.404015055487e-03,7.489607651715e-03,-5.123738947115e-01
5.436479599386e-02,9.116183219759e-03,-3.623246323080e-03,-5.088934871451e-01
5.181776558650e-02,8.263393463569e-03,2.858480988713e-03,-5.074425802407e-01
5.457550482753e-02,1.277757389032e-02,5.757690610363e-03,-5.133567133682e-01
5.181776558650e-02,3.628138547945e-03,7.493735904338e-03,-5.004891308804e-01
5.457550482753e-02,8.142318974696e-03,1.039294552599e-02,-5.090289574822e-01
5.484293230340e-02,-8.039269971111e-03,2.854352736091e-03,-4.909738656386e-01
5.478169548885e-02,-4.635254915624e-03,-4.635254915624e-03,-5.201898248980e-01
5.436479599386e-02,4.480928304135e-03,-8.258501238705e-03,-5.230672045243e-01
4.944547235215e-02,-1.276677156455e-02,2.854352736091e-03,-4.921756804527e-01
4.445634404390e-02,-8.131516648926e-03,8.121513588705e-03,-4.604467256844e-01
5.092186106500e-02,-1.990860884907e-02,6.323241683731e-03,-5.138419197097e-01
4.873003142165e-02,-2.532137257797e-02,3.468888947641e-03,-5.114155248707e-01
4.496237700607e-02,-3.100404289593e-02,6.354778014132e-03,-5.281627340080e-01
4.936710356642e-02,-1.980496204049e-02,1.287249452096e-02,-5.080428730523e-01
2.803757764199e-02,-1.359953309483e-02,3.434778443571e-03,-2.640651552078e-01
3.584523564268e-02,-1.989838185975e-02,1.339702451003e-02,-4.191559645129e-01
4.591743428976e-02,-1.266312475597e-02,1.467076642593e-02,-4.788301040578e-01
3.722208646512e-02,-1.282784034298e-02,1.525119213341e-02,-3.995594622019e-01
3.201099621927e-02,-8.296232235933e-03,8.701939296186e-03,-3.051679424232e-01
3.762925948493e-02,-4.727501593439e-03,5.267160852615e-03,-3.731918121610e-01
2.843744625573e-02,-2.067007461160e-02,6.847771672799e-03,-3.336658867077e-01
4.293988762119e-02,-2.347148850177e-02,1.343113501410e-02,-4.977422916680e-01
4.072699070419e-02,-2.925780562831e-02,9.767771243360e-03,-5.206013383903e-01
2.061599664718e-02,-1.096162805765e-02,-5.401186713121e-03,-1.438676314016e-01
2.807385271005e-02,-1.352313353108e-02,-3.453587387673e-03,-2.645944250416e-01
3.243081906048e-02,-8.219832672183e-03,-8.174108312255e-03,-3.111415032534e-01
3.801280725809e-02,-4.727501593439e-03,-4.720520924582e-03,-3.813701564576e-01
4.944196269819e-02,-4.635254915624e-03,-9.355775840206e-03,-5.075251375112e-01
4.477865500251e-02,-9.362756509063e-03,-4.720520924582e-03,-4.723556593011e-01
4.435439331813e-02,7.406402207220e-03,-8.343767247662e-03,-4.705507717321e-01
3.800544506870e-02,2.925473903085e-03,-4.720520924582e-03,-3.785734247367e-01
3.352784366902e-02,1.053046952094e-02,-1.337854985862e-02,-3.493170496606e-01
3.244330510647e-02,6.379997046791e-03,-8.179497368608e-03,-3.065714121860e-01
4.902506320320e-02,4.480928304135e-03,-1.297902216329e-02,-5.075624361528e-01
4.168893188069e-02,1.155687468137e-02,-1.354281973767e-02,-4.583546364133e-01
1.644295474617e-02,-1.680198110917e-02,-8.728592014718e-03,-1.488877389275e-01
2.061599664718e-02,-5.658327198751e-03,-1.070448757202e-02,-1.261812756285e-01
2.058374370424e-02,6.210012041550e-03,-9.950365379300e-03,-1.278927837774e-01
1.704056765235e-02,5.894927778377e-04,-8.438988260722e-03,-6.105312576184e-02
2.813157987063e-02,-3.492331078745e-03,-1.347740917115e-02,-2.415764067328e-01
2.815142810600e-02,3.454523143706e-03,-1.348279822751e-02,-2.429938486370e-01
2.923596666856e-02,7.604995617854e-03,-1.868185071752e-02,-2.886545505237e-01
5.014569537962e-02,8.920404365532e-03,-2.020802706409e-02,-5.068461022031e-01
4.446438619775e-02,1.307087683968e-02,-2.077182463848e-02,-4.674283154470e-01
4.063030704913e-02,2.736704173890e-02,-8.277476667367e-03,-5.068113704130e-01
3.707959069606e-02,2.270073542866e-02,-1.347652915738e-02,-4.600994613020e-01
4.680201464965e-02,2.074370065498e-02,-2.076068524459e-02,-4.954013402216e-01
4.757727668565e-02,2.389600480690e-02,-8.332627853774e-03,-5.454774597231e-01
4.402656033258e-02,1.922969849667e-02,-1.353168034378e-02,-5.078680711943e-01
4.138382044488e-02,3.465873331398e-02,-1.195363211814e-02,-5.204760971247e-01
4.216374020482e-02,2.546179020271e-02,-2.459005984479e-02,-4.872630685814e-01
3.845923933386e-02,3.504097238146e-02,-1.940625304143e-02,-5.213599066066e-01
3.669508664131e-02,2.897427937745e-02,-2.092915008066e-02,-4.869364006029e-01
3.445111955009e-02,3.920203502831e-02,-1.929280586940e-02,-5.205153502425e-01
3.405722452987e-02,4.213827209206e-02,-1.184018494611e-02,-5.285891553196e-01
2.821518418877e-02,4.576757498014e-02,-1.176478098940e-02,-5.407196066942e-01
2.322584546664e-02,4.952429046247e-02,-3.600751494063e-03,-5.260684822703e-01
2.549256916393e-02,4.321040795418e-02,-7.168846630736e-03,-5.211812434729e-01
-7.935428432344e-03,4.713537008526e-02,2.703915041495e-02,-4.789124673229e-01
-1.207683886596e-02,4.321640687326e-02,3.244335266059e-02,-4.841053542303e-01
-3.914464489419e-02,4.104198774039e-03,3.903897162383e-02,-4.552521307707e-01
-2.572703104235e-02,2.799344398128e-02,3.435452511507e-02,-4.156813404748e-01
-3.261942221457e-02,2.406558920690e-02,3.746531161998e-02,-4.337461088376e-01
-2.337711052937e-02,3.446383050810e-02,3.633041276731e-02,-4.569901050672e-01
-2.107640463539e-02,4.006894722744e-02,3.157813675088e-02,-4.730841408947e-01
-3.123581071057e-02,-3.009846828905e-03,2.262037972939e-02,-3.100564310660e-01
-3.376811848888e-02,1.219575594965e-02,3.145126329169e-02,-3.836946757117e-01
-3.220393033439e-02,4.215059169994e-03,2.295165330809e-02,-3.245667163158e-01
-4.365467604806e-02,8.761269749932e-03,2.532558311881e-02,-4.490946908354e-01
-2.885491796787e-02,8.091557175608e-03,2.656738338369e-02,-3.075583379175e-01
-3.903588439112e-02,4.215059169994e-03,2.646513123358e-02,-4.057867127341e-01
-3.941204245791e-02,8.319257944032e-03,3.220447256704e-02,-4.414721902680e-01
-4.403083411485e-02,1.286546852397e-02,3.106492445228e-02,-4.776861938025e-01
-3.479157444405e-02,2.118355121945e-02,3.150306900944e-02,-4.352900518511e-01
-4.089514496865e-02,2.185326379377e-02,3.019970854256e-02,-4.737768698136e-01
-2.984751126229e-02,7.803627844181e-03,1.848573523201e-02,-2.884722096111e-01
-2.116432254766e-02,1.121506667980e-02,2.210401030767e-02,-2.094394169480e-01
-2.649849889577e-02,1.168012584979e-02,2.210146530761e-02,-2.778791960566e-01
-1.687051923754e-02,1.010799097118e-02,1.632644834706e-02,-1.243100925497e-01
-1.482572384799e-02,1.605387866263e-02,1.422916708680e-02,-1.432878772874e-01
-2.250254474959e-02,3.936890397008e-02,2.479478851818e-02,-4.706780854195e-01
-1.215016622487e-02,3.321996037430e-02,1.646399669228e-02,-3.512444306007e-01
-1.350297898016e-02,4.464695644471e-02,2.147848055913e-02,-4.756929456885e-01
-8.891660755514e-03,4.153992042728e-02,1.789323200926e-02,-4.363397547038e-01
-2.032344254786e-02,2.182417797008e-02,2.444779599644e-02,-3.004476206044e-01
-2.261902308232e-02,1.738069309585e-02,2.080524081530e-02,-2.678456342343e-01
-2.795319943043e-02,1.784575226585e-02,2.080269581524e-02,-3.291393609400e-01
-1.938619760508e-02,1.945008278169e-02,1.594769090491e-02,-2.310297509789e-01
-1.709061707062e-02,2.389356765592e-02,1.959024608605e-02,-2.754799452516e-01
-2.557300831729e-02,2.706197323989e-02,2.709605801221e-02,-3.943217098603e-01
-2.464922791851e-02,3.283231650935e-02,2.228859743175e-02,-4.262056681074e-01
-1.890816761843e-02,2.979040893099e-02,1.754305415572e-02,-3.510590484064e-01
-3.133307445770e-02,2.324497886146e-02,2.532041960907e-02,-4.080714455956e-01
-4.253776704741e-02,2.586023714444e-02,2.432182905957e-02,-4.862808854524e-01
-3.318424116948e-02,3.291143508563e-02,1.952150445367e-02,-4.787660122138e-01
-3.670086696977e-02,2.747965298055e-02,2.156615138394e-02,-4.682198827235e-01
-3.494637145348e-02,3.848382540621e-02,1.934141020748e-02,-5.022443903199e-01
-2.769856621946e-02,4.307486715830e-02,2.154283137653e-02,-5.012714950874e-01
-3.258505469352e-03,2.834436640971e-02,1.143479436062e-02,-2.334321183594e-01
-5.456033105830e-03,2.151861084734e-02,1.079532800596e-02,-1.366179933702e-01
1.098261326927e-02,2.118136550053e-02,2.242948612711e-03,-1.496730939240e-01
1.085114963719e-02,2.124555475085e-02,-4.648122898948e-03,-1.519645191864e-01
-2.421422036763e-03,1.514085833816e-02,-1.235732328115e-03,-2.796057671937e-02
5.679312410370e-03,2.118136550053e-02,7.546249471610e-03,-1.288339507045e-01
-1.049448289037e-04,1.832821205373e-02,6.401220330944e-03,-7.439240720268e-02
1.402572768223e-02,2.776678528918e-02,-3.460034822573e-03,-2.679838655973e-01
1.158643414748e-02,3.176244807074e-02,7.146393566028e-03,-3.141207340233e-01
6.319273294861e-03,2.778902949346e-02,1.244969442493e-02,-2.362673292832e-01
2.732543692066e-03,3.176163160903e-02,1.194413163893e-02,-2.876903852326e-01
1.415719131431e-02,2.770259603886e-02,3.431036689086e-03,-2.666371108296e-01
9.141905829636e-03,5.436231611067e-02,-3.600751494063e-03,-5.021100195736e-01
1.440906668225e-02,4.863903554685e-02,-3.600751494063e-03,-5.076893093136e-01
7.249706154693e-03,4.872800449675e-02,1.192836741993e-02,-4.920628832149e-01
4.517162462628e-03,5.436485160597e-02,8.213010542984e-03,-5.215293027869e-01
1.441957823087e-02,4.864157104215e-02,3.577755627360e-03,-5.054590372263e-01
9.152417378252e-03,5.436485160597e-02,3.577755627360e-03,-5.236605845276e-01
2.732543692066e-03,4.447417849456e-02,1.127608569565e-02,-4.504869893220e-01
2.732543692066e-03,3.770833075013e-02,6.640830780026e-03,-3.710715271150e-01
7.999704544680e-03,3.738987232695e-02,3.715356876942e-03,-3.771237693630e-01
1.251686700731e-02,4.373887618850e-02,7.293112504302e-03,-4.654755649245e-01
-1.481412368808e-02,5.088075064072e-02,1.440208629714e-02,-5.133363268163e-01
-4.635254915624e-03,5.478169548885e-02,4.635254915624e-03,-5.115279598515e-01
-1.020280546344e-02,4.777371462329e-02,1.081683774728e-02,-4.901491743993e-01
-4.635254915624e-03,4.937687334822e-02,7.560728818709e-03,-4.932976997711e-01
-2.333425536565e-02,4.835291963292e-02,1.359126850186e-02,-5.008143372083e-01
-1.354657694175e-02,3.484817403522e-02,9.387602430294e-03,-3.668452193066e-01
-1.492332638802e-02,4.316813408820e-02,6.181582831654e-03,-4.733624767868e-01
-4.720520924582e-03,3.800544506870e-02,2.925473903085e-03,-3.767381087054e-01
-7.979026393933e-03,3.270133276015e-02,6.131493501725e-03,-3.083221330767e-01
-9.355775840206e-03,4.477129281312e-02,2.925473903085e-03,-4.654168869229e-01
-2.374010517241e-02,4.570821114446e-02,3.256108928569e-03,-5.268901640884e-01
-2.753971592540e-02,4.778596067176e-02,7.080546048908e-03,-5.406670695860e-01
1.179394011761e-02,-2.138329070065e-02,6.090515480011e-03,-1.610261124668e-01
6.490639258710e-03,-2.138329070065e-02,1.139381633891e-02,-1.393661431098e-01
1.077494294377e-02,-2.080965003043e-02,-5.275004627045e-03,-1.439664371462e-01
-2.369350380224e-03,-1.425596342095e-02,-2.806917432504e-03,-1.847218245698e-02
1.048150476050e-02,-1.785846039707e-02,6.914207590967e-04,-9.978481266590e-02
1.277404911718e-03,-1.755389592665e-02,9.801961457136e-03,-6.877431247106e-02
3.422088897597e-03,-1.441659118776e-02,2.551061272789e-03,-2.279040090292e-02
1.307809839132e-02,-2.848399722355e-02,-3.327405301597e-03,-2.667999809802e-01
1.320825963532e-02,-2.833447059561e-02,3.451495395467e-03,-2.658386867857e-01
-4.501064952664e-03,-3.095792142469e-02,2.488258863678e-02,-3.207057059463e-01
7.904958776417e-03,-3.288394217704e-02,7.901646742761e-03,-3.134160862423e-01
4.442712306203e-03,-4.261490066192e-02,2.832068573763e-02,-4.443199384076e-01
3.457119342989e-03,-2.834689972281e-02,1.320494760166e-02,-2.396026979657e-01
7.713114346271e-03,-2.875620146129e-02,1.871845354227e-02,-2.759302663360e-01
4.255995003282e-03,-3.118280662865e-02,2.333671952719e-02,-3.142102919630e-01
8.698707309485e-03,-3.838894748478e-02,2.501741289386e-02,-4.045353134920e-01
1.216095377970e-02,-3.329324391551e-02,1.341515268337e-02,-3.466594158518e-01
-8.069795595158e-03,-2.847222656808e-02,2.024760569996e-02,-2.781817851216e-01
-3.568730642494e-03,-2.828781003356e-02,1.318823064976e-02,-2.378513384589e-01
-1.181979559516e-02,-2.236945412776e-02,2.110075521157e-02,-2.198676497974e-01
-9.074845646497e-03,-1.654646924282e-02,1.590102067506e-02,-1.120052330981e-01
-1.476567207009e-02,-1.470028772691e-02,1.404921521163e-02,-1.267722899245e-01
-5.324845646497e-03,-2.029646924282e-02,1.059771981616e-02,-1.168034515700e-01
4.447839433428e-03,-3.844311575345e-02,4.450151347294e-03,-3.839778765018e-01
-2.350267118575e-02,-1.879425469297e-02,4.539722164004e-02,-4.079529460527e-01
-3.054060698329e-02,-5.156517945168e-03,4.045633263117e-02,-3.868191334865e-01
-2.171085071383e-02,-2.354113072563e-02,3.916109185466e-02,-3.896644020040e-01
-2.423956884201e-02,-1.207998005054e-02,4.219376324108e-02,-3.583306779475e-01
-2.885738259361e-02,-8.094058447030e-03,4.585208030983e-02,-3.995783555628e-01
-2.266969777412e-02,-2.940715033101e-02,4.075074373962e-02,-4.354574842066e-01
-2.931134836253e-02,-1.215228637759e-02,3.216495779382e-02,-3.470681311025e-01
-3.794836030547e-02,-5.156517945168e-03,3.967057136681e-02,-4.555337459128e-01
-2.592279323168e-02,-9.142439548680e-03,3.679801556242e-02,-3.253672779288e-01
-3.762103108802e-02,-1.260872147324e-02,3.067366223787e-02,-4.234150353126e-01
-3.844115760995e-02,-7.452203528070e-03,2.430272116142e-02,-4.052326748160e-01
-4.164022927936e-02,-9.598874644332e-03,3.452095874211e-02,-4.678134679834e-01
-4.246035580129e-02,-4.442356699165e-03,2.815001766566e-02,-4.439048447646e-01
-2.812505787071e-02,-3.196700542174e-02,3.499912557406e-02,-4.581051555726e-01
-2.363560497671e-02,-3.952080267083e-02,3.073168585600e-02,-4.787847545716e-01
-4.530763897199e-03,-4.281577414115e-02,2.788803230389e-02,-4.588569356248e-01
-9.031828849862e-03,-3.836493576005e-02,2.613062856970e-02,-4.200789039365e-01
-9.688575990272e-03,-4.281494290972e-02,3.350447068843e-02,-4.708604818728e-01
-1.418964094294e-02,-3.836410452862e-02,3.174706695424e-02,-4.396542492273e-01
1.683374370424e-02,9.960012041550e-03,-1.525366623820e-02,-1.251260292756e-01
1.498570881606e-02,1.564677703566e-02,-1.341040020187e-02,-1.445882345867e-01
2.332569945923e-02,1.135499561785e-02,-1.926463065183e-02,-2.278684672100e-01
1.979510462140e-02,2.084325337395e-02,-1.579040726217e-02,-2.575718146117e-01
2.492437721324e-02,1.930696085399e-02,-1.752942492961e-02,-3.061329787045e-01
2.882292649869e-02,4.130964667382e-02,-2.274523832651e-02,-5.155914376421e-01
2.411890360810e-02,4.595709718819e-02,-1.889336889729e-02,-5.136126770979e-01
-1.260613373887e-02,4.950595077263e-02,-3.015125028054e-03,-4.982403100929e-01
-7.885612814290e-03,5.484568356330e-02,-3.015125028054e-03,-4.940360751368e-01
-3.250357898665e-03,5.484568356330e-02,-7.650379943678e-03,-5.182623853931e-01
4.506650914011e-03,5.436231611067e-02,-8.236006409687e-03,-5.177555582368e-01
-3.250357898665e-03,4.944822361205e-02,-1.237788153712e-02,-5.092208358970e-01
4.506650914011e-03,4.896485615942e-02,-1.296350800313e-02,-5.074986275368e-01
9.773811766626e-03,4.397572785117e-02,-8.328253087501e-03,-4.694258603180e-01
1.612912773064e-02,4.372575077480e-02,-1.902493613206e-02,-4.883253287509e-01
9.227149117729e-03,5.003963328309e-02,-2.009209591101e-02,-5.311464026566e-01
1.667579037954e-02,4.067769308730e-02,-1.189634822417e-02,-4.620994738651e-01
1.562440543625e-02,3.251798971517e-02,-1.175563155268e-02,-3.615748784748e-01
5.267160852615e-03,3.762925948493e-02,-4.727501593439e-03,-3.772090298856e-01
8.722426823333e-03,3.206602447904e-02,-8.187536416011e-03,-3.103414652654e-01
9.297848778292e-03,1.749555475085e-02,-1.525472461675e-02,-1.285089233571e-01
5.547848778292e-03,2.124555475085e-02,-9.951423757847e-03,-1.340026490478e-01
-2.238944002853e-04,1.767473690007e-02,-8.825040735434e-03,-6.933024398702e-02
3.455265970718e-03,2.809260590175e-02,-1.349083727491e-02,-2.432337209839e-01
2.943136465228e-02,-4.177050203944e-02,4.119829699736e-03,-5.192158824827e-01
3.934998418579e-02,-3.924606874786e-02,2.885889066491e-03,-5.201055165549e-01
3.548171854771e-02,-4.224808395990e-02,7.005718766227e-03,-5.354057188535e-01
4.013574545015e-02,-3.183831542567e-02,2.885889066491e-03,-5.014842439400e-01
2.555076606299e-02,-3.019029550306e-02,3.412993229229e-03,-3.972487007796e-01
3.590035914826e-02,-3.009207815806e-02,6.298882295719e-03,-4.892517039783e-01
3.456480837706e-02,-3.718337056105e-02,1.041871199546e-02,-5.242991416468e-01
3.070546667831e-02,-2.507745378337e-02,3.412993229229e-03,-3.975386139471e-01
2.851445448164e-02,-3.670578864059e-02,7.532822928964e-03,-4.831357457270e-01
2.528479203795e-02,-4.114115318726e-02,-2.715884010166e-03,-4.972452659568e-01
2.202028979666e-02,-4.743089111743e-02,-2.715884010166e-03,-5.179187411640e-01
1.320351101227e-02,-4.654563620180e-02,-2.715884010166e-03,-4.926252737658e-01
1.823217442340e-02,-3.442695900567e-02,-9.769296663878e-03,-3.912586156163e-01
2.914255829233e-02,-2.556372976337e-02,-3.726007352114e-03,-3.846095317135e-01
2.398785767701e-02,-3.067657148305e-02,-3.726007352114e-03,-3.879854552449e-01
2.691081293781e-02,-2.107995102785e-02,-7.179594739787e-03,-3.196309596644e-01
2.063523098805e-02,-2.219280248594e-02,-1.050700004138e-02,-2.615571252737e-01
2.280497348133e-02,-3.656271576840e-02,-6.441891362280e-03,-4.446142935243e-01
1.941505861908e-02,-2.854081472032e-02,-7.053412653712e-03,-3.245938335733e-01
2.370895706285e-02,-5.097032765837e-02,-5.601152902715e-03,-5.222495718423e-01
4.843200204581e-02,4.439476061397e-03,-2.540155952540e-02,-4.900523935904e-01
1.843639563450e-02,2.345904475731e-02,-2.046115118328e-02,-2.941174304349e-01
2.516230167210e-02,3.554607473875e-02,-2.627902433298e-02,-4.777676910399e-01
7.784417021583e-03,2.666292042883e-02,-2.162055764004e-02,-2.684090967406e-01
1.468639563450e-02,2.931158480606e-02,-1.988535191782e-02,-3.333872597127e-01
2.281230335958e-02,3.759505040518e-02,-3.292173995786e-02,-4.697219418095e-01
1.153441702158e-02,2.081038038008e-02,-2.219635690550e-02,-2.159411816846e-01
1.595162786750e-02,3.594959693563e-02,-2.355390500313e-02,-4.249184544653e-01
2.356566822634e-02,2.192275223736e-02,-2.220016885072e-02,-3.302893134180e-01
2.902634203094e-02,2.737177008923e-02,-2.434948891510e-02,-4.309101927748e-01
2.550634325614e-02,1.088157478545e-02,-2.418025294952e-02,-2.787725010669e-01
3.803434837827e-02,2.077006869872e-02,-2.825527705581e-02,-4.671679217252e-01
2.999286725271e-02,2.240090716440e-02,-2.915599252013e-02,-4.122135638603e-01
3.848394178300e-02,1.157105084685e-02,-2.552317705711e-02,-4.298858375443e-01
3.141661046547e-02,7.131574785455e-03,-2.359747301520e-02,-3.340623638709e-01
2.453219344810e-02,1.695188931253e-02,-2.700667245575e-02,-3.194721862977e-01
4.203465813606e-02,7.420578372704e-03,-2.914090335148e-02,-4.594779674857e-01
3.939332020602e-02,2.079152637487e-02,-3.348318960548e-02,-4.758396560174e-01
4.231790131704e-02,1.159250852300e-02,-3.484734746658e-02,-4.878494418978e-01
-2.088735826963e-02,2.706165624147e-02,1.046665989373e-02,-3.217788792317e-01
-1.884987780065e-02,3.055629703476e-02,6.462128527209e-03,-3.434345348795e-01
-2.093949846398e-02,2.100338364059e-02,1.064439004601e-02,-2.507409829658e-01
-1.328232725283e-02,2.840945575968e-02,3.206019598640e-03,-2.673239671996e-01
-9.817305703236e-03,1.768867029921e-02,-4.764425174006e-05,-9.350838983138e-02
-1.637902470689e-02,1.760717952153e-02,8.925866227901e-03,-1.565595334420e-01
-1.075933396473e-02,2.151861084734e-02,5.492027147060e-03,-1.540317475823e-01
-3.454723987411e-03,2.809402846583e-02,-1.348903964400e-02,-2.413990128444e-01
-1.107450205417e-02,2.060743556040e-02,-5.791888991825e-03,-1.452537734734e-01
-5.771201195271e-03,2.060743556040e-02,-1.109518985072e-02,-1.276095344080e-01
-1.673527790567e-02,1.661253874120e-02,-9.244405241035e-03,-1.503540912305e-01
-4.875009373145e-02,-4.442356699165e-03,2.488551542436e-02,-4.780786635066e-01
-4.883634744438e-02,4.546210579938e-03,2.466008217559e-02,-4.831227166565e-01
-2.661018400677e-02,-6.466966171894e-03,1.372427853451e-02,-2.213424684126e-01
-3.075970089631e-02,-3.009846828905e-03,1.472062257247e-02,-2.778214576359e-01
-2.826333491419e-02,3.588568674187e-03,1.318497937317e-02,-2.370408371623e-01
-2.062051923754e-02,1.166129183008e-02,5.719846629260e-03,-1.475075204323e-01
-1.377011984834e-02,3.023937790733e-03,1.811996261952e-03,-1.357748348066e-02
-2.025024228649e-02,-5.318550992572e-03,1.061443676806e-02,-1.152509003751e-01
-2.078055391825e-02,1.092435118303e-02,-5.786168049370e-03,-1.445935558372e-01
-2.062051923754e-02,6.357990971176e-03,1.102314748816e-02,-1.264742394135e-01
-1.675694349938e-02,9.079906474065e-04,9.448948921011e-03,-5.669471097380e-02
-1.731730570324e-02,1.018867029921e-02,-4.764425174006e-05,-8.985090957598e-02
-1.433051157396e-02,-2.474020157614e-03,-3.192969907216e-03,-1.971210463129e-02
-2.929228186247e-02,-1.815115013967e-02,2.886835917811e-02,-3.636023833792e-01
-1.977683890936e-02,-2.306501703094e-02,2.040061289388e-02,-2.887261363542e-01
-2.040707329965e-02,-2.141920190012e-02,2.544277229718e-02,-2.962827555418e-01
-2.096660038029e-02,-1.883771983941e-02,1.679273323915e-02,-2.417873457428e-01
-2.567729009085e-02,-2.282571984529e-02,3.095825194816e-02,-3.673251100824e-01
-3.760196458796e-02,-1.860758523532e-02,2.737706362216e-02,-4.356784921934e-01
-3.893187189745e-02,-2.487186813958e-02,2.946196162416e-02,-4.665551319806e-01
-3.092428909184e-02,-2.811392797493e-02,2.953569438343e-02,-4.347140935457e-01
-2.551392646207e-02,-1.621582993398e-02,1.832743707572e-02,-2.771813848798e-01
-2.402206507127e-02,-1.674463219450e-02,2.335287952713e-02,-2.825141683758e-01
-2.251990123918e-02,-2.039102069831e-02,1.148943238025e-02,-2.616620459760e-01
-1.631897292898e-02,-1.625358858581e-02,8.745914352730e-03,-1.385792737974e-01
-1.062814650540e-02,-2.029646924282e-02,5.294418957263e-03,-1.340145135291e-01
-2.025024228649e-02,-1.062185185147e-02,5.311135909159e-03,-1.330837061321e-01
-1.731733522500e-02,-9.893268159839e-03,-8.593181070563e-04,-8.699038941711e-02
-9.817335225001e-03,-1.739326815984e-02,-8.593181070563e-04,-8.775915755763e-02
-2.287097425964e-02,-2.681142989878e-02,1.158143877919e-02,-3.365705036644e-01
-1.411169503921e-02,-3.304645425264e-02,1.848780663548e-02,-3.592729934213e-01
-2.451969232768e-02,-3.954639000540e-02,2.420859791858e-02,-4.783080621375e-01
-2.206873835341e-02,-2.919254557440e-02,1.864081382939e-02,-3.675281200796e-01
-1.507372829391e-02,-4.012503271256e-02,2.160436898372e-02,-4.389720966050e-01
-2.794597174469e-02,-3.283493857322e-02,2.226041566797e-02,-4.437316596974e-01
-5.060573340550e-02,-8.985163951667e-03,1.900434064042e-02,-5.137030924784e-01
-4.445594238535e-02,-1.199501078057e-02,1.933856800494e-02,-4.664799756410e-01
-4.257264238643e-02,-1.799387454265e-02,1.949388711272e-02,-4.675749535634e-01
-2.832074984077e-02,-1.326169484550e-02,3.451495395467e-03,-2.629640555807e-01
-3.113350570615e-02,-1.096824081550e-02,8.420977675614e-03,-2.984674470163e-01
-4.177391718536e-02,-1.205392872502e-02,1.235292571402e-02,-4.475123198203e-01
-3.989061718643e-02,-1.805279248710e-02,1.250824482180e-02,-4.523127337818e-01
-3.159054902035e-02,-1.696710457759e-02,1.302413621682e-02,-3.487576086351e-01
-2.877779315497e-02,-1.926055860758e-02,8.054653936676e-03,-3.248238605111e-01
-3.528302259569e-02,-7.511121472515e-03,9.417321713575e-03,-3.471587666791e-01
-2.847027646870e-02,-1.313153360150e-02,-3.327405301597e-03,-2.651559210325e-01
-2.140157327252e-02,-1.135879460925e-02,-6.046363922346e-03,-1.564376925161e-01
-1.155355129974e-02,-2.119984831266e-02,-6.172546008422e-03,-1.559749440891e-01
-1.739390435127e-02,-1.702680641165e-02,-9.499951310019e-03,-1.619299869347e-01
-6.250250440844e-03,-2.119984831266e-02,-1.147584686732e-02,-1.368567933347e-01
-6.132353762206e-04,-1.769783263026e-02,-9.969858805095e-03,-7.130241824035e-02
5.471642084870e-03,-2.080965003043e-02,-1.057830548594e-02,-1.256651600124e-01
1.686599664718e-02,-9.408327198751e-03,-1.600778843092e-02,-1.202421055883e-01
1.488965388727e-02,-1.524868025028e-02,-1.403189287362e-02,-1.360443583967e-01
9.221642084870e-03,-1.705965003043e-02,-1.588160634484e-02,-1.198907335712e-01
1.908193012915e-02,-2.063950162704e-02,-1.581030090028e-02,-2.402538166244e-01
-2.078055391825e-02,5.621050324128e-03,-1.108946890827e-02,-1.269317823670e-01
-1.787769742886e-02,-6.125885080309e-04,-1.035591127981e-02,-7.421544921429e-02
-2.140157327252e-02,-6.055493750349e-03,-1.134966478125e-02,-1.374234728192e-01
-9.521201195271e-03,1.685743556040e-02,-1.639849070962e-02,-1.237165948517e-01
-1.518197704677e-02,1.505923788230e-02,-1.454770609993e-02,-1.389005558281e-01
-1.703055391825e-02,9.371050324128e-03,-1.639276976717e-02,-1.235055992484e-01
-1.000025044084e-02,-1.744984831266e-02,-1.677914772622e-02,-1.328990545924e-01
-1.765157327252e-02,-9.805493750349e-03,-1.665296564014e-02,-1.336741937128e-01
-1.584060349237e-02,-1.547350555275e-02,-1.480325216892e-02,-1.499333058713e-01
9.540567652352e-03,5.894927778377e-04,-1.593898826072e-02,-2.630278829947e-02
-6.507919362099e-03,-1.178183651026e-02,-2.082556033855e-02,-8.546528169849e-02
-1.037769742886e-02,-6.125885080309e-04,-1.785591127981e-02,-4.201794624468e-02
-2.238944002853e-04,1.017473690007e-02,-1.632504073543e-02,-3.357047492641e-02
-1.181122022100e-02,-6.478535651357e-03,-2.082556033855e-02,-8.587223171707e-02
5.894683985878e-03,-1.121929697890e-02,-2.005420104325e-02,-7.362732785862e-02
1.114588366647e-02,6.505488897843e-03,-1.929468979417e-02,-7.444479515824e-02
1.119798484478e-02,-5.915996120006e-03,-2.005420104325e-02,-7.395135298153e-02
5.842582807574e-03,1.180878975674e-02,-1.929468979417e-02,-7.702923236456e-02
-1.136977806676e-02,5.865947143326e-03,-2.044025351796e-02,-7.831757655954e-02
-6.066477207859e-03,1.116924800223e-02,-2.044025351796e-02,-7.828595850679e-02
-6.132353762206e-04,-1.019783263026e-02,-1.746985880510e-02,-3.789406460890e-02
-2.929712584080e-03,-2.778584628037e-03,-1.450020974636e-02,1.898411516644e-02
1.920789585593e-03,2.705439921164e-03,-1.296933920198e-02,2.884522054894e-02
2.607444475009e-02,-4.778533243585e-02,7.055169833092e-03,-5.442051863072e-01
2.244271038816e-02,-5.023238618385e-02,2.935340133357e-03,-5.448830883746e-01
1.324667169143e-02,-4.159335770260e-02,1.289899742126e-02,-4.532300762494e-01
1.362593160378e-02,-4.934713126822e-02,2.935340133357e-03,-5.236157359516e-01
8.990676688153e-03,-4.493405596412e-02,7.385491480650e-03,-4.756758256366e-01
2.150853384176e-02,-4.622847766061e-02,1.955266999927e-02,-4.991225770932e-01
1.324154456421e-02,-4.426245610450e-02,1.988299164683e-02,-4.653680630942e-01
2.151366096898e-02,-4.355937925871e-02,1.256867577371e-02,-5.029992053949e-01
-4.530763897199e-03,-4.896419029463e-02,2.445352583912e-02,-5.028901072280e-01
4.542837254725e-03,-4.935956039542e-02,1.202074639627e-02,-5.014996518990e-01
8.985549560928e-03,-5.061900211045e-02,1.900474062184e-02,-5.057204149484e-01
4.442712306203e-03,-4.876331681540e-02,2.488617927287e-02,-4.787956592054e-01
-3.404003040899e-03,-4.969562120021e-02,1.194019262981e-02,-4.914613246880e-01
-7.934766938097e-03,-5.115593639446e-02,1.849153342163e-02,-4.815725028002e-01
-1.397666638215e-02,-4.676761719349e-02,1.739978030042e-02,-4.710195346924e-01
-3.404003040899e-03,-5.484284875989e-02,7.490041282517e-03,-5.084069006379e-01
8.755671578843e-03,-5.170529288868e-02,-2.715884010166e-03,-5.098088747441e-01
9.178092170349e-03,-5.450678795510e-02,2.935340133357e-03,-5.382043594112e-01
4.542837254725e-03,-5.450678795510e-02,7.570595048981e-03,-5.218330554102e-01
1.825192814415e-02,-5.316639834559e-02,-8.486492970221e-03,-5.191458425352e-01
1.211542144453e-02,-5.478661849152e-02,-5.601224077673e-03,-5.147417150052e-01
-3.492331078745e-03,-2.829793521958e-02,-1.325816289018e-02,-2.411547035136e-01
4.447839433428e-03,-3.841696587141e-02,-4.501274643610e-03,-3.842822033461e-01
7.774797532420e-03,-3.300731892293e-02,-7.828679945207e-03,-3.158279101873e-01
3.326958098992e-03,-2.847027646870e-02,-1.313198080411e-02,-2.427242088233e-01
1.189521419564e-02,-3.669676406718e-02,-1.054456395537e-02,-3.864570945909e-01
8.568256096647e-03,-4.210641101565e-02,-7.217158653776e-03,-4.415523266143e-01
7.480166528908e-03,-5.478661849152e-02,-1.023647899330e-02,-5.247618322917e-01
4.120416663219e-03,-4.653191544696e-02,-1.185241356940e-02,-4.899740743315e-01
4.120416663219e-03,-5.170529288868e-02,-7.351138925791e-03,-5.130734249592e-01
4.053356983794e-02,-3.744397558591e-02,-4.002079955041e-03,-5.236330033308e-01
4.768542168981e-02,-2.669536736509e-02,-4.002079955041e-03,-5.190539981599e-01
4.131933110230e-02,-3.003622226372e-02,-4.002079955041e-03,-4.973189456304e-01
3.552103641444e-02,-2.877626097611e-02,-7.728087307156e-03,-4.692295829833e-01
4.823487907529e-02,-2.240276281452e-02,-1.060737490230e-02,-5.303331294315e-01
4.874608217049e-02,-4.524174233819e-03,-2.477784957185e-02,-4.928431570810e-01
5.087667499929e-02,-9.159429149443e-03,-1.596107078747e-02,-5.153817593607e-01
4.621336730362e-02,-1.388693074288e-02,-1.132581587184e-02,-4.972954218297e-01
4.226490946529e-02,-8.456974318697e-03,-2.706164262448e-02,-4.524345740444e-01
4.175370637009e-02,-2.170030798377e-02,-1.752642287055e-02,-4.910778624897e-01
2.841625490987e-02,-7.425131163623e-03,-2.039645713940e-02,-2.800601004364e-01
2.353964706939e-02,-1.873194866039e-02,-1.940194356693e-02,-2.855328166107e-01
3.271549409972e-02,-1.215263275706e-02,-1.509315628050e-02,-3.455334607265e-01
2.939218711814e-02,-1.970945025383e-02,-1.409864270803e-02,-3.491201781510e-01
3.540595429675e-02,-2.473295124672e-02,-1.464713527540e-02,-4.500450665536e-01
2.250598770053e-02,-1.117513116362e-02,-2.097923707372e-02,-2.207123947647e-01
3.973219459842e-02,-1.318447591214e-02,-1.824486384009e-02,-4.368529777976e-01
3.764995854458e-02,-3.932800084879e-03,-2.857377926816e-02,-4.107602115457e-01
3.081800448785e-02,-3.932800084879e-03,-2.506030134268e-02,-3.204956504701e-01
3.773378734003e-02,2.981102311307e-03,-3.002933004162e-02,-4.166572894076e-01
3.090183328330e-02,2.981102311307e-03,-2.651585211614e-02,-3.287575741180e-01
2.159903336473e-02,-2.316525785998e-02,-2.280200784561e-02,-3.146729169804e-01
7.054356196722e-03,-2.889591674704e-02,-1.998563247046e-02,-2.824157039653e-01
1.714131642449e-02,-2.507281082662e-02,-1.921036517896e-02,-2.872815180611e-01
1.080435619672e-02,-2.281929418876e-02,-2.078765868575e-02,-2.193172923179e-01
1.751173308770e-02,-3.251225597087e-02,-1.662294833023e-02,-3.722993167753e-01
1.117477285994e-02,-3.478206103239e-02,-1.739821562173e-02,-3.689344148868e-01
1.350345220619e-02,-3.750000000000e-03,-2.795937415812e-02,-1.398068570083e-01
2.128812724542e-02,-7.682800084879e-03,-2.737842212637e-02,-2.252796660455e-01
2.560788862581e-02,-3.932800084879e-03,-3.019255285842e-02,-2.810216175137e-01
2.039780623284e-02,1.280141683838e-02,-3.166039240606e-02,-2.739563585612e-01
2.137195604087e-02,6.731102311307e-03,-2.883397289983e-02,-2.369229229554e-01
1.350345220619e-02,3.750000000000e-03,-2.795937415812e-02,-1.417588698307e-01
2.569171742126e-02,2.981102311307e-03,-3.164810363188e-02,-2.910351583569e-01
3.789102961131e-02,-8.306069175891e-03,-3.423776689240e-02,-4.284180102099e-01
4.250598053202e-02,-1.283024340971e-02,-3.272563024872e-02,-4.670783524321e-01
3.385806685875e-02,2.316186257239e-02,-3.773913369281e-02,-4.561416131402e-01
2.492718398502e-02,3.208008554043e-02,-3.727810103811e-02,-4.592590999310e-01
2.824370751930e-02,2.506024694917e-02,-3.544188901827e-02,-4.273006393236e-01
-5.107800433034e-02,7.776947041364e-03,1.864807592499e-02,-5.087700796603e-01
-4.589633293402e-02,1.199200621136e-02,1.931357686820e-02,-4.768003187440e-01
-4.694547655692e-02,2.298339923002e-02,1.918116813898e-02,-5.241743532823e-01
-4.946326489983e-02,1.810296356674e-02,1.767663938886e-02,-5.248702386688e-01
-3.841696587141e-02,-4.501274643610e-03,4.447839433428e-03,-3.798977412065e-01
-4.490786046107e-02,-9.044081896112e-03,7.383443433871e-03,-4.697450578016e-01
-4.933336489238e-02,-1.367933681174e-02,2.935604000443e-03,-5.074158738224e-01
-4.934708564722e-02,-4.542807252502e-03,1.201869834950e-02,-5.023712572931e-01
-4.973310285914e-02,3.230736461426e-03,1.188786688284e-02,-5.017236563196e-01
-2.831684915072e-02,1.325855538699e-02,-3.452516249210e-03,-2.636305053311e-01
-4.974553198633e-02,1.231614272434e-02,2.804772533784e-03,-4.950707601774e-01
-5.190280726527e-02,1.842710007972e-02,5.615674487865e-03,-5.144282469777e-01
-3.844311575345e-02,4.450151347294e-03,4.447839433428e-03,-3.799902052227e-01
-2.827576404138e-02,1.334202088038e-02,3.433839080841e-03,-2.634794456723e-01
-3.281280649561e-02,8.038720021481e-03,7.881678514269e-03,-3.104442712114e-01
-3.131464092416e-02,1.841940560753e-02,1.273912630621e-02,-3.588881939485e-01
-2.753376543495e-02,1.950764729643e-02,7.438370447366e-03,-3.112512947148e-01
-4.532002755503e-02,7.680887808720e-03,7.252611967212e-03,-4.676562350779e-01
-3.439698284372e-02,1.225377919147e-02,1.318243437311e-02,-3.609740713431e-01
-4.420334752604e-02,2.288733999737e-02,1.242095909683e-02,-5.173996884382e-01
-3.755407364066e-02,2.294200905804e-02,1.361458850927e-02,-4.624816271157e-01
-4.315420390314e-02,1.189594697871e-02,1.255336782605e-02,-4.615606174273e-01
-4.672113586895e-02,1.800690433409e-02,1.091643034671e-02,-5.130658992860e-01
-3.102189260072e-02,4.158987430772e-02,7.080546048908e-03,-5.123942207880e-01
-2.370880392224e-02,3.268017072369e-02,3.256108928569e-03,-4.068171248439e-01
-2.722228184773e-02,3.951212478042e-02,3.256108928569e-03,-4.966292641377e-01
-3.406423727500e-02,3.756579151680e-02,1.138984733281e-02,-5.203515405835e-01
-3.003150628373e-02,2.398884000263e-02,4.004531366525e-03,-3.784615825919e-01
-3.230210699100e-02,3.199340119622e-02,1.156994157900e-02,-4.754236729658e-01
-2.574628439123e-02,2.918552993041e-02,7.260640295094e-03,-3.882120364215e-01
-3.658732888350e-02,2.679671126844e-02,8.313832650429e-03,-4.712576634117e-01
-4.966115037931e-02,2.401314240268e-02,2.810901954081e-03,-5.009100780392e-01
-4.063194164281e-02,3.673572902611e-02,8.133738404243e-03,-5.376233631635e-01
-4.725442609356e-02,2.748905961176e-02,7.120203237985e-03,-5.339083981705e-01
-3.758959696853e-02,4.075981181703e-02,3.824437120339e-03,-5.280657884905e-01
-4.196458240556e-02,2.944786363677e-02,4.309301283904e-03,-5.068514702985e-01
-9.709668983181e-03,3.754295528107e-02,-4.387069683259e-03,-3.853836305578e-01
-4.989148058599e-03,3.748522812049e-02,-9.114571276697e-03,-3.785550294558e-01
-1.296002688185e-02,4.437279109994e-02,-7.402194711312e-03,-4.737757691703e-01
-8.239505957264e-03,4.431506393936e-02,-1.212969630475e-02,-4.682218334550e-01
-8.443872046010e-03,3.192341567866e-02,-1.257280846836e-02,-3.113968584194e-01
-1.374717290491e-02,2.762417648881e-02,-7.845306874924e-03,-2.660801753122e-01
-1.501296984208e-02,3.159625613997e-02,-4.387069683259e-03,-3.286819930299e-01
-2.313040143303e-02,3.216601752036e-02,-4.387069683259e-03,-3.969206468691e-01
-1.950662227270e-02,5.106643282802e-02,-6.658585951807e-03,-5.239565413765e-01
-2.507304315843e-02,4.887185192478e-02,-3.643460923754e-03,-5.339261122519e-01
-2.855521983375e-02,4.267576556074e-02,-3.643460923754e-03,-5.195751363274e-01
-2.472758910796e-02,3.967319871685e-02,-8.030530607012e-03,-4.812344806598e-01
-1.986051541568e-02,4.593327315534e-02,-1.104565563507e-02,-5.051267578211e-01
-3.394334691716e-02,4.368783318181e-02,-6.629512617562e-03,-5.319340256731e-01
-3.917811329896e-02,3.969412991081e-02,-2.986051693809e-03,-5.164465565316e-01
-3.011571619138e-02,4.068526633793e-02,-1.101658230082e-02,-5.083294053095e-01
-7.992037995313e-03,-3.279439035246e-02,-7.954862031283e-03,-3.137859879607e-01
-1.329533885421e-02,-2.827106865308e-02,-3.453587387673e-03,-2.641068730053e-01
-4.499706916568e-03,-3.837637855006e-02,-4.501274643610e-03,-3.844303463345e-01
-8.068437559062e-03,-3.278426516644e-02,7.884929790865e-03,-3.100153341115e-01
-1.337173841796e-02,-2.823479358502e-02,3.434778443571e-03,-2.627130919334e-01
-4.499706916568e-03,-3.840252843210e-02,4.450151347294e-03,-3.808454529345e-01
-7.903709957467e-03,-4.522952944756e-02,7.304937714187e-03,-4.620894027627e-01
-1.394560940151e-02,-4.385705799102e-02,1.084843950860e-02,-4.642079578399e-01
-1.411033700311e-02,-3.516179370990e-02,1.142843158528e-02,-3.716799784794e-01
-1.941363786201e-02,-3.061232212847e-02,6.978280237984e-03,-3.461868921727e-01
-4.635254915624e-03,-5.478169548885e-02,-4.635254915624e-03,-5.411627982059e-01
-4.635254915624e-03,-4.960831804714e-02,-9.136529559234e-03,-5.220396124578e-01
-9.134961832192e-03,-4.514222629449e-02,-4.501274643610e-03,-4.796338988450e-01
-8.039257956523e-03,-5.484284875989e-02,2.854786366893e-03,-4.851679847724e-01
-1.253896487309e-02,-4.964260475166e-02,2.854786366893e-03,-4.797924746347e-01
-4.627531315318e-02,-2.325091310413e-02,1.864463376251e-02,-5.054076329692e-01
-4.173038259728e-02,-2.798223558479e-02,2.276341004422e-02,-4.924834833667e-01
-4.359328795318e-02,-2.330983104858e-02,1.165899147159e-02,-5.091010678100e-01
-3.376271992341e-02,-3.564883476865e-02,1.808689612521e-02,-4.876492356948e-01
-3.953954797039e-02,-3.403819161558e-02,1.866362326073e-02,-5.137105083666e-01
-1.968046020686e-02,-5.111919998590e-02,6.323621638523e-03,-5.142380948386e-01
-2.108710473528e-02,-4.673088078493e-02,9.867123432936e-03,-5.045561375146e-01
-3.231798669359e-02,-4.523769142327e-02,9.898192573480e-03,-5.246633482105e-01
-2.649988047877e-02,-4.453913468510e-02,7.012337066043e-03,-5.137110726237e-01
-2.716012270878e-02,-4.458856870511e-02,2.061805814001e-02,-4.946151457968e-01
-2.509323595034e-02,-4.892745388607e-02,3.468835271630e-03,-5.204757856068e-01
-2.111816171591e-02,-4.964143998741e-02,1.641846422475e-02,-4.885093487199e-01
-3.294717194298e-02,-4.237656624081e-02,1.695257285563e-02,-5.027571509196e-01
1.924691665116e-02,2.945056326987e-02,-4.284000884077e-02,-4.500096959799e-01
1.774494644680e-02,2.265096256939e-02,-4.484734151526e-02,-4.002203525497e-01
-3.750000000000e-03,1.350114029233e-02,-2.794694503092e-02,-1.417908821969e-01
1.252930239816e-02,1.426815396050e-02,-3.312613697748e-02,-2.317153106990e-01
1.090956761765e-02,2.028898974390e-02,-4.320273584025e-02,-3.351315450886e-01
8.079151050865e-03,1.957145481940e-02,-2.857666539606e-02,-2.218649492935e-01
8.200151347294e-03,8.197839433428e-03,-3.249641661235e-02,-1.676165485679e-01
3.750000000000e-03,1.350114029233e-02,-2.794694503092e-02,-1.421309935383e-01
1.182931249420e-02,1.371949416259e-02,-4.004097955462e-02,-2.783627715774e-01
4.329151050865e-03,2.372121197632e-02,-3.124947435142e-02,-2.721117660324e-01
9.049649254582e-03,3.589738885642e-02,-2.796191968072e-02,-4.061670851711e-01
4.329151050865e-03,2.887591259164e-02,-2.613663263173e-02,-3.094098732023e-01
7.859557521607e-03,2.498740669873e-02,-3.896070221847e-02,-3.321198961278e-01
1.241153782200e-02,3.054050816787e-02,-3.933116966689e-02,-4.111959836685e-01
1.360162955498e-02,3.629578971023e-02,-3.344522884883e-02,-4.171035156064e-01
4.720498203717e-03,4.832841983247e-02,-2.530812320134e-02,-5.187711791584e-01
4.720498203717e-03,4.196232924497e-02,-2.864897809998e-02,-4.599968819976e-01
9.272478504112e-03,4.236073009878e-02,-3.413228726809e-02,-4.590012964945e-01
4.551980300395e-03,3.885273175950e-02,-3.913895427582e-02,-4.653639047657e-01
3.530406470742e-03,2.773387095604e-02,-4.296623676896e-02,-3.789907410069e-01
8.082386771137e-03,3.328697242518e-02,-4.333670421738e-02,-4.463676107083e-01
3.530406470742e-03,2.446936871475e-02,-4.925597469912e-02,-4.079509419303e-01
6.580416566782e-03,1.885393013245e-02,-4.933886321954e-02,-3.647702500894e-01
-4.118592169582e-03,4.870532193564e-02,-2.501360753182e-02,-5.073006270925e-01
-7.368950068247e-03,5.089990283889e-02,-1.921195377548e-02,-5.393082123669e-01
-1.925858666068e-02,4.897468517284e-02,-1.787972787343e-02,-5.184609740534e-01
-4.118592169582e-03,4.233923134813e-02,-2.835446243045e-02,-4.554015325975e-01
-1.235809812685e-02,4.576674316620e-02,-1.896376854312e-02,-4.913055455738e-01
-3.708534394987e-03,2.944449680827e-02,-2.549158809525e-02,-3.109501743973e-01
-7.163258382398e-03,2.723292720952e-02,-2.097371547265e-02,-2.678257920347e-01
-1.281627462317e-02,3.807580609102e-02,-2.343331934371e-02,-4.155408516053e-01
-1.091325838240e-02,2.138038716077e-02,-2.154951473811e-02,-2.104456433168e-01
-3.708534394987e-03,2.428979619295e-02,-3.060442981493e-02,-2.721187823344e-01
-7.458534394987e-03,2.014003903603e-02,-2.793162085957e-02,-2.193796037437e-01
-7.827126564568e-03,3.684287517621e-02,-2.702235947471e-02,-4.022579281207e-01
-1.215240644100e-02,3.106231442236e-02,-2.005748429701e-02,-3.312903112445e-01
-9.073767185352e-03,4.235367292513e-02,-3.401733643047e-02,-4.524886808276e-01
-1.278230158034e-02,3.685731675320e-02,-3.268523347474e-02,-4.232341046893e-01
-1.777144963894e-02,3.809024766802e-02,-2.909619334373e-02,-4.411656428471e-01
-4.955175015770e-03,3.846877248268e-02,-3.931851910773e-02,-4.687776887249e-01
-1.130233124926e-02,1.772497487088e-02,-3.393406256311e-02,-2.581768953226e-01
3.925817856811e-02,-2.191232902759e-02,-3.187935338458e-02,-4.538762780892e-01
3.469086719971e-02,-2.908753527116e-02,-2.261763719565e-02,-4.675398096130e-01
2.673648631643e-02,-2.849734347785e-02,-2.546920890697e-02,-4.059682184509e-01
4.103861927305e-02,-2.605489200821e-02,-2.549692479080e-02,-4.927323113652e-01
3.660768879892e-02,-4.030456620086e-02,-8.611334175140e-03,-5.229741680827e-01
2.728307602383e-02,-4.838184931327e-02,-1.021040712281e-02,-5.362762338063e-01
3.511556603709e-02,-3.683210458562e-02,-2.030784344751e-02,-5.086122914930e-01
2.656650792451e-02,-3.839974185461e-02,-1.105114558238e-02,-4.822865196053e-01
3.412787024230e-02,-3.572612878200e-02,-1.233734152725e-02,-5.036495720323e-01
2.904632648114e-02,-4.297817927347e-02,-7.325138230265e-03,-5.177019736207e-01
2.297469094737e-02,-4.296596468880e-02,-1.806053522365e-02,-4.956786958293e-01
1.792461340831e-02,-5.144288324961e-02,-1.549588261149e-02,-5.273173765186e-01
1.849271516850e-02,-3.921423556779e-02,-2.030493266990e-02,-4.456027905407e-01
2.774172723586e-02,-4.085860516242e-02,-2.331515313374e-02,-4.917498681615e-01
2.325975145699e-02,-3.710687604142e-02,-2.555955057999e-02,-4.533042301251e-01
1.178810670869e-02,-5.232895113997e-02,-1.724586863457e-02,-5.214364467836e-01
2.277423741923e-02,-4.878892704610e-02,-1.721979676408e-02,-5.235384050045e-01
1.215575494073e-02,-4.148404062931e-02,-2.108019996140e-02,-4.454928950092e-01
8.428356843003e-03,-4.782424809540e-02,-1.886180321067e-02,-4.944113010248e-01
2.105062932569e-02,-3.956098604979e-02,-3.221344125898e-02,-4.500308887236e-01
3.892313335646e-02,-4.373269091013e-03,-3.945397383978e-02,-4.552316518989e-01
2.920519534675e-02,2.981102311307e-03,-3.848005768860e-02,-3.521826966968e-01
3.876404792501e-02,7.153032461605e-03,-3.975359748140e-02,-4.667592619261e-01
3.689029891508e-02,2.981102311307e-03,-3.744406403267e-02,-4.273702929523e-01
2.551170943032e-02,1.943744591214e-02,-4.103677491679e-02,-4.030451406387e-01
2.069321569168e-02,1.965768380292e-02,-4.488031961112e-02,-3.967233836400e-01
1.989447111156e-02,2.015686485716e-02,-4.976512797193e-02,-4.274517435114e-01
3.310746872501e-02,1.072924927644e-02,-4.398432551882e-02,-4.585536581368e-01
3.112606876977e-02,1.753906153536e-02,-4.333401959133e-02,-4.580047644236e-01
1.830798820982e-02,1.284787154400e-02,-4.324814306330e-02,-3.313093587313e-01
2.312648194846e-02,1.262763365322e-02,-3.940459836897e-02,-3.368000328906e-01
2.761410968199e-02,6.557319126145e-03,-4.341013291946e-02,-3.887421123141e-01
2.438086076293e-02,3.576216814837e-03,-4.930138192218e-02,-4.103353163253e-01
1.861409207458e-02,6.777557016929e-03,-4.938427044259e-02,-3.661187553873e-01
1.633671246577e-02,1.662467278160e-02,-5.254602672822e-02,-3.938389103944e-01
1.744156091066e-02,1.005517720029e-02,-5.379734574670e-02,-4.109139571517e-01
9.858036750148e-03,1.768371088239e-02,-5.376436765084e-02,-4.138191317641e-01
-2.217961019734e-02,2.048789864449e-02,-1.180156787716e-02,-2.619196438990e-01
-2.617069000798e-02,2.849705735764e-02,-9.277884119540e-03,-3.874030107168e-01
-3.103431438970e-02,2.381452063320e-02,-4.890814436282e-03,-3.890621227181e-01
-2.150798240444e-02,2.611548353543e-02,-1.273612131121e-02,-3.204746299723e-01
-1.867406788193e-02,2.206839334849e-02,-2.113702831550e-02,-2.731204576566e-01
-2.141366696889e-02,3.137987548780e-02,-2.715293554165e-02,-3.946126174368e-01
-2.857765865025e-02,1.924986243361e-02,-8.343330685492e-03,-3.242934592989e-01
-2.062630933844e-02,1.893459778560e-02,-1.710486873606e-02,-2.421001475856e-01
-3.097603715708e-02,3.386609132915e-02,-1.226393581335e-02,-4.714721949669e-01
-1.991321594053e-02,2.745108142023e-02,-2.022079713985e-02,-3.347354043670e-01
-1.798523810082e-02,1.641069931781e-02,-3.116802808762e-02,-2.739222105071e-01
-2.139698356196e-02,1.038866706116e-02,-2.113342680465e-02,-2.032940341202e-01
-2.190225074608e-02,1.951376967067e-02,-2.475309996147e-02,-2.902574660095e-01
-2.385449220259e-02,1.637997410778e-02,-2.072094038203e-02,-2.695130852036e-01
-2.844340990220e-02,-3.326958098992e-03,-1.313041307706e-02,-2.411173720343e-01
-2.826383270217e-02,3.505103180802e-03,-1.325552402468e-02,-2.391896591310e-01
-3.840252843210e-02,4.450151347294e-03,-4.499706916568e-03,-3.793238464308e-01
-3.281330428360e-02,7.955254528095e-03,-7.952223165778e-03,-3.107542785143e-01
-2.744673955374e-02,6.638667061160e-03,-2.032983286232e-02,-2.630092788079e-01
-3.307411378313e-02,1.394656157471e-02,-1.284303760206e-02,-3.515837522752e-01
-2.990424819437e-02,1.262997410778e-02,-1.991734643970e-02,-3.165866654207e-01
-5.450674233410e-02,-9.178062168126e-03,2.935604000443e-03,-5.068839941668e-01
-5.450674233410e-02,-4.542807252502e-03,7.570858916067e-03,-5.169659231461e-01
-5.489275954601e-02,3.230736461426e-03,7.440027449408e-03,-5.146875490959e-01
-5.489275954601e-02,7.865991377050e-03,2.804772533784e-03,-4.988161433048e-01
-2.225758740588e-02,-2.071809438643e-02,-1.029595613452e-02,-2.618718221285e-01
-2.091694127093e-02,-2.719089227921e-02,-6.968550832918e-03,-3.203698891518e-01
-2.859187888542e-02,-1.955135722764e-02,-6.842368746843e-03,-3.244086991634e-01
-2.070428654698e-02,-1.916479352753e-02,-1.559925699341e-02,-2.413314691599e-01
-3.973509448450e-02,-7.672110133751e-03,-3.515094527523e-03,-4.025207466386e-01
-3.970822791800e-02,-3.170835490141e-03,-8.014801444090e-03,-3.974716082813e-01
-4.647407566243e-02,-3.170835490141e-03,-1.265005635971e-02,-4.784291617504e-01
-4.650094222893e-02,-1.230736504938e-02,-3.515094527523e-03,-4.859244250902e-01
-3.432544753603e-02,-1.099906823274e-02,-6.842499829120e-03,-3.437622323712e-01
-3.429858096953e-02,-6.497793589133e-03,-1.134220674569e-02,-3.321108017157e-01
-3.444704995274e-02,-1.741889185888e-02,-1.035746327437e-02,-3.847821869507e-01
-3.090354551858e-02,-2.435815958855e-02,-3.514963445245e-03,-3.914945547720e-01
-2.557662987687e-02,-2.965664093672e-02,-3.514963445245e-03,-3.896369687482e-01
-3.123898641607e-02,-2.393719972450e-02,4.603158541210e-03,-3.917483439221e-01
-3.775441304820e-02,-2.690078425599e-02,8.723387471145e-03,-4.795823084465e-01
-2.399692690420e-02,-3.311434585404e-02,3.543501794413e-03,-4.102276826663e-01
-3.824560362131e-02,-3.289782234233e-02,1.160924297858e-02,-5.105093242753e-01
-2.751040482969e-02,-3.994629991077e-02,3.543501794413e-03,-4.923272395476e-01
-3.332851104451e-02,-4.064485664894e-02,6.429357301850e-03,-5.163270052699e-01
-2.745426330184e-02,-2.931345362435e-02,8.146660335623e-03,-4.034093466377e-01
-3.246877557433e-02,-3.450846549540e-02,1.103251584306e-02,-4.825677154065e-01
-4.193262464962e-02,-2.971869927829e-02,4.120228929935e-03,-5.178429812603e-01
-3.942186651609e-02,-3.958410688987e-02,2.885855507437e-03,-5.358302431397e-01
-5.021861980800e-02,-2.249611559612e-02,2.935604000443e-03,-5.396040968742e-01
-4.777149955460e-02,-2.612774607088e-02,7.055832930378e-03,-5.411830149755e-01
-4.242381522273e-02,-3.571573736463e-02,7.006084437371e-03,-5.376336472268e-01
-4.351311047249e-02,-2.754659102255e-02,-2.883535026273e-03,-5.117013992577e-01
-4.962693853223e-02,-2.404808547826e-02,-2.883535026273e-03,-5.172338409721e-01
-3.899945797358e-02,-2.514963586430e-02,-6.398498471519e-03,-4.754329546295e-01
-4.865015554283e-02,-1.840214218402e-02,-6.398629553796e-03,-5.073356423577e-01
-4.200591021511e-02,-2.018671089453e-02,-9.913592999041e-03,-4.764818130578e-01
-5.103783573989e-02,-1.099542447290e-02,-6.433579466110e-03,-5.007782305148e-01
-5.103783573989e-02,-6.360169557274e-03,-1.106883438173e-02,-5.134189845734e-01
-5.318704905379e-02,-1.709020160754e-02,-9.317114492384e-03,-4.935330206026e-01
-5.487936381367e-02,-7.824588982757e-03,-2.918484938588e-03,-4.904889426992e-01
-5.487936381367e-02,-3.189334067133e-03,-7.553739854212e-03,-5.130998264181e-01
-2.991972416215e-02,3.133563880358e-03,-2.502933629779e-02,-3.106880976920e-01
-2.900752673814e-02,-7.077575151269e-03,-2.025493664087e-02,-2.858753501071e-01
-3.268454423040e-02,-1.666823426754e-02,-1.748198683817e-02,-3.716500368613e-01
-2.527607230418e-02,-1.724739877740e-02,-1.927019316955e-02,-2.921486834508e-01
-3.486269780546e-02,-1.024841064141e-02,-1.846673030949e-02,-3.667090174168e-01
-2.295777074636e-02,-1.082757515127e-02,-2.105853058320e-02,-2.238676246269e-01
-3.130093414652e-02,-3.750617052277e-03,-2.507955102396e-02,-3.291425071369e-01
-1.879228681237e-02,-2.361484828527e-02,-1.920006237923e-02,-2.875824908499e-01
-7.420684395655e-03,-2.857494807631e-02,-2.018637357760e-02,-2.818113378926e-01
-1.954199372894e-02,-2.966460427705e-02,-1.389676152033e-02,-3.516728392295e-01
-1.117068439566e-02,-2.249832551803e-02,-2.098839979289e-02,-2.205713189839e-01
-1.192039131222e-02,-3.307140320919e-02,-1.488307271870e-02,-3.497415043750e-01
-2.336407256956e-02,-2.169745353515e-02,-2.287099855537e-02,-3.208574354939e-01
-3.928353316910e-03,-3.105895595860e-02,-2.486654664983e-02,-3.220523857228e-01
3.727398097730e-03,-3.120758338020e-02,-2.479198762877e-02,-3.226114993982e-01
-3.750000000000e-03,-1.355300777547e-02,-2.790635770958e-02,-1.387395574439e-01
-7.678353316910e-03,-2.133002063220e-02,-2.733456839699e-02,-2.259454115536e-01
-3.928353316910e-03,-2.573204031689e-02,-3.016502799800e-02,-2.823524561640e-01
1.598482638653e-02,-1.218250700145e-02,-3.187487725925e-02,-2.287296359327e-01
3.750000000000e-03,-1.355300777547e-02,-2.790635770958e-02,-1.394942792402e-01
3.727398097730e-03,-2.588066773848e-02,-3.009046897694e-02,-2.820079990897e-01
8.200151347294e-03,-8.249706916568e-03,-3.245582929100e-02,-1.651681455828e-01
7.477398097730e-03,-2.147864805380e-02,-2.726000937593e-02,-2.253170662478e-01
1.526207313696e-02,-2.010814727978e-02,-2.887575648528e-02,-2.624161152204e-01
-1.355457550251e-02,-3.750000000000e-03,-2.793322427608e-02,-1.405435142913e-01
-8.251274643610e-03,-8.249706916568e-03,-3.242967940896e-02,-1.657853725228e-01
-2.600245279836e-02,-3.750617052277e-03,-3.040646666567e-02,-2.889745309721e-01
-2.161869233845e-02,-7.500617052277e-03,-2.755774783988e-02,-2.310938926466e-01
-1.217962796052e-02,-1.602671977330e-02,-3.185789009637e-02,-2.299019065032e-01
-2.024374479646e-02,-1.527762990901e-02,-2.918265766840e-02,-2.670950028415e-01
-2.462124281398e-02,3.133563880358e-03,-3.035625193951e-02,-2.738279038517e-01
-1.355457550251e-02,3.750000000000e-03,-2.793322427608e-02,-1.409652174881e-01
-1.209507149788e-02,1.108607612718e-02,-3.627600929274e-02,-2.371370455651e-01
-2.023748235407e-02,6.883563880358e-03,-2.750753311372e-02,-2.158552836996e-01
-8.251274643610e-03,8.197839433428e-03,-3.247026673030e-02,-1.685325164035e-01
-1.877797834945e-02,9.771800574107e-03,-3.350997481726e-02,-2.570147942214e-01
-4.501274643610e-03,-4.499706916568e-03,-3.837637855006e-02,-1.952325852551e-01
-8.345071497882e-03,7.336076127177e-03,-4.222270843384e-02,-2.535560720020e-01
-3.843796854273e-03,1.197133104280e-02,-4.666193361999e-02,-2.892084523584e-01
-4.501274643610e-03,4.447839433428e-03,-3.841696587141e-02,-1.954282290500e-01
4.450151347294e-03,-4.499706916568e-03,-3.840252843210e-02,-1.949130009818e-01
4.450151347294e-03,4.447839433428e-03,-3.844311575345e-02,-1.952079630355e-01
1.213541635896e-02,3.201340202091e-03,-4.758676362079e-02,-2.980050532019e-01
3.050010096039e-03,1.228443455114e-02,-4.757433449359e-02,-2.980095746379e-01
7.500161443333e-03,7.649179635519e-03,-4.316125918949e-02,-2.561054390061e-01
-1.298032641351e-02,2.888236693749e-03,-4.664821286514e-02,-2.912289337587e-01
-1.307630385382e-02,-4.008929183976e-02,-1.794575431342e-02,-4.475923863015e-01
-9.283498535965e-03,-5.104421848010e-02,-1.565279854163e-02,-5.387561387510e-01
-1.378320545253e-02,-4.657812672745e-02,-1.101754362600e-02,-5.054610303606e-01
-4.648243620341e-03,-4.891362565130e-02,-2.446957732602e-02,-4.924080199802e-01
-3.928353316910e-03,-3.789091001533e-02,-2.838002457532e-02,-4.065734970421e-01
-8.576596937251e-03,-4.242479076360e-02,-2.676253309781e-02,-4.555643524973e-01
4.307940179784e-03,-4.877005786678e-02,-2.496269798489e-02,-4.939349842349e-01
8.035338277514e-03,-4.242985040068e-02,-2.718109473562e-02,-4.506044980459e-01
7.855236194199e-03,-3.822384238378e-02,-3.418408894176e-02,-4.242895795501e-01
1.216317637398e-02,-4.261415534754e-02,-3.305971812312e-02,-4.652613886567e-01
3.727398097730e-03,-3.803953743692e-02,-2.830546555426e-02,-4.060447162021e-01
-1.294097249233e-02,-4.248418211640e-02,-3.266409244135e-02,-4.589919935305e-01
-8.292728871986e-03,-3.795030136812e-02,-3.428158391887e-02,-4.176457780675e-01
2.346750226557e-02,-3.397847456426e-02,-3.666432115581e-02,-4.363745088234e-01
3.329827938667e-02,-2.434797595668e-02,-3.673432797542e-02,-4.390480072517e-01
2.712433920834e-02,-2.790034714400e-02,-3.320347109295e-02,-4.063409209539e-01
1.823688625663e-02,-2.331796844269e-02,-3.503272516448e-02,-3.383709556067e-01
3.311976257570e-02,-7.921859567212e-03,-4.376406631000e-02,-4.406983462414e-01
3.208765883054e-02,-1.185465965209e-02,-3.854785936262e-02,-4.049882413547e-01
2.423406918216e-02,-3.548590476199e-03,-4.938074635498e-02,-4.112043511737e-01
2.766857564693e-02,-3.548590476199e-03,-4.323233020150e-02,-3.854360687332e-01
2.663647190177e-02,-7.481390561078e-03,-3.801612325412e-02,-3.371914526098e-01
3.074271056982e-02,-1.881448081500e-02,-4.189069730977e-02,-4.384826834074e-01
2.084137229376e-02,-1.894091864056e-02,-4.130594475273e-02,-3.685256643564e-01
1.856671052138e-02,-1.198109747765e-02,-3.969844765495e-02,-3.036999125897e-01
1.815324206390e-02,-3.141341634429e-02,-4.172304206219e-02,-4.430367717933e-01
1.142842894424e-02,-3.260561486606e-02,-3.839653298400e-02,-4.064216004700e-01
7.300590847769e-03,-2.709439427749e-02,-3.781639094467e-02,-3.348184187129e-01
1.662989000456e-02,-2.152514595359e-02,-4.741611961111e-02,-4.084535267330e-01
1.402540396744e-02,-2.590219575572e-02,-4.114290002286e-02,-3.815374560850e-01
6.850812933405e-03,-1.892960941347e-02,-5.136067430726e-02,-4.014625961151e-01
3.277620183366e-03,-1.241258201556e-02,-4.958145148063e-02,-3.336087599224e-01
7.727771530660e-03,-7.777327099934e-03,-4.516837617653e-02,-2.715208903371e-01
1.236302644628e-02,-3.277620183366e-03,-4.963446792918e-02,-3.340605221326e-01
1.869491058114e-02,-6.826210659566e-03,-5.151133918378e-02,-3.981816991119e-01
1.405965566552e-02,-1.132591757613e-02,-4.704524743113e-02,-3.321823390717e-01
1.318269706826e-02,-1.784294497404e-02,-5.022169781744e-02,-3.830599122799e-01
-3.843796854273e-03,7.523491609373e-03,-5.182159030686e-02,-3.377433744137e-01
-8.479051769897e-03,2.888236693749e-03,-5.182159030686e-02,-3.435952134234e-01
3.277620183366e-03,-7.912875098990e-03,-5.478169548885e-02,-3.950138730252e-01
7.912875098990e-03,-3.277620183366e-03,-5.478169548885e-02,-3.886620554607e-01
3.050010096039e-03,7.836595117715e-03,-5.273399118047e-02,-3.459412393891e-01
7.685265011663e-03,3.201340202091e-03,-5.273399118047e-02,-3.514653597524e-01
6.327630279405e-03,1.111421530108e-02,-5.574983892490e-02,-4.155858708135e-01
1.096288519503e-02,6.478960385457e-03,-5.574983892490e-02,-4.160615523350e-01
-5.435674382493e-02,4.512394335616e-03,-8.250209002276e-03,-5.263115474200e-01
-5.435674382493e-02,9.147649251241e-03,-3.614954086652e-03,-5.060859329280e-01
-4.920951626525e-02,1.359780059853e-02,-3.614954086652e-03,-5.052006350891e-01
-5.009477118088e-02,2.241457938292e-02,-3.614954086652e-03,-5.274203602601e-01
-4.915649981671e-02,4.512394335616e-03,-1.274991591884e-02,-5.090069493417e-01
-4.474342451260e-02,8.962545682910e-03,-8.114661003220e-03,-4.704775103935e-01
-4.125423401214e-02,1.495385272953e-02,-1.300547543950e-02,-4.534751221075e-01
-4.188843142783e-02,2.939273286857e-02,-4.611047297077e-03,-5.053455049503e-01
-3.776986157941e-02,3.278944461391e-02,-1.248791342717e-02,-5.075367131325e-01
-3.751398601174e-02,2.656726113080e-02,-9.501861733359e-03,-4.752799628834e-01
-4.761189591739e-02,2.583536582380e-02,-8.226001383729e-03,-5.368967018466e-01
-4.214430699550e-02,3.561491635168e-02,-7.597098990886e-03,-5.269097858248e-01
-4.323745050129e-02,2.300989408603e-02,-1.311681582001e-02,-5.048397296248e-01
-2.311030199634e-02,4.079787787986e-02,-2.908059975027e-02,-4.725875740919e-01
-3.869981674085e-02,3.406621218907e-02,-1.995699566235e-02,-5.070620038964e-01
-3.104567135282e-02,4.196203391308e-02,-1.848566453600e-02,-5.015855696553e-01
-2.505561551440e-02,4.399137830951e-02,-2.233368508056e-02,-4.869199839762e-01
-2.675251932629e-02,3.408750569964e-02,-2.713734194818e-02,-4.417713575768e-01
-3.190599231851e-02,3.514285890431e-02,-1.973301804853e-02,-4.734392263051e-01
-2.644118967313e-02,-4.786587864239e-02,-4.105674528776e-03,-5.184124527520e-01
-3.759350244124e-02,-4.075081415048e-02,-4.105674528776e-03,-5.326867404603e-01
-2.227265450908e-02,-4.841652415972e-02,-1.062194351117e-02,-5.350390852061e-01
-2.995795444219e-02,-4.173379135787e-02,-4.105674528776e-03,-5.088944016106e-01
-2.453911170674e-02,-3.566161246521e-02,-1.454884866144e-02,-4.530584115081e-01
-2.156575291037e-02,-4.192768927203e-02,-1.755015419858e-02,-4.967354227225e-01
-2.876277807451e-02,-3.601836006838e-02,-7.620637974021e-03,-4.759553979375e-01
-1.149156293344e-02,2.026939676455e-02,-4.166390049587e-02,-3.313836603154e-01
-7.783028538457e-03,1.826575293648e-02,-4.844507241165e-02,-3.588073393823e-01
-7.647766079171e-03,2.528091722772e-02,-3.833426774770e-02,-3.327880905584e-01
-8.894406699955e-03,3.262793946073e-02,-4.353487911501e-02,-4.513041728519e-01
-3.939231684184e-03,2.419429502712e-02,-4.927458476484e-02,-4.087228883737e-01
-3.939231684184e-03,2.745879726841e-02,-4.298484683467e-02,-3.821147874489e-01
-1.260294109494e-02,3.045005942004e-02,-3.888430002803e-02,-4.119708905302e-01
-1.106064872182e-02,1.709553368642e-02,-5.287057684295e-02,-4.080925342285e-01
-7.121417037639e-03,1.080111179274e-02,-5.483743805129e-02,-4.024813705533e-01
-1.175667195326e-02,6.165856877115e-03,-5.483743805129e-02,-4.076804346749e-01
-3.047573367652e-02,3.018876193691e-02,-3.378207031544e-02,-4.611980364110e-01
-2.513688131912e-02,2.748113172507e-02,-3.379766390891e-02,-4.227423803771e-01
-2.131530350377e-02,2.778424657213e-02,-4.193998826429e-02,-4.619115719142e-01
-2.686461315491e-02,2.099771397968e-02,-3.048159715309e-02,-3.693092259762e-01
-2.803030436391e-02,8.367508189367e-03,-3.608474913112e-02,-3.533538676498e-01
-2.294760050965e-02,1.789464362681e-02,-3.689652527924e-02,-3.626231201280e-01
-2.020392534228e-02,2.105550164013e-02,-4.285535523326e-02,-4.109833245683e-01
-2.374034075828e-02,1.125574488312e-02,-3.923847200887e-02,-3.494066252532e-01
-2.179710519789e-02,2.888236693749e-03,-4.753346778077e-02,-3.703430061109e-01
-2.587421269110e-02,8.122181002758e-03,-4.429941808686e-02,-3.835389924825e-01
-3.016417629674e-02,5.233944309009e-03,-4.114569520911e-02,-3.975658933869e-01
-1.754586404652e-02,9.189627230441e-03,-5.334084753770e-02,-4.172282785222e-01
-2.308502264755e-02,5.912007047075e-03,-5.121025470890e-02,-4.168742839593e-01
-1.684984081508e-02,1.548404912412e-02,-5.210813858493e-02,-4.057202682232e-01
-2.228458304055e-02,1.744037324976e-02,-4.887408889102e-02,-4.329838647730e-01
-2.716213014075e-02,1.114595135608e-02,-4.797620501499e-02,-4.297038779036e-01
-4.364375555076e-03,-3.899006729577e-02,-3.948862814708e-02,-4.544082573441e-01
3.573192750039e-03,-2.446876801449e-02,-4.923008147846e-02,-4.107086918434e-01
4.127838096469e-03,-3.911498088983e-02,-3.946569219103e-02,-4.440992158108e-01
3.573192750039e-03,-2.798553278355e-02,-4.309799419394e-02,-3.791734813981e-01
7.701030846508e-03,-3.349675337212e-02,-4.367813623327e-02,-4.377921188884e-01
-3.768752938039e-02,2.531411966949e-02,-3.077241561618e-02,-4.583072755775e-01
-5.007347053634e-02,9.254733693942e-03,-2.013063681304e-02,-5.002732938273e-01
-4.555164878061e-02,2.330208209706e-02,-2.049753671421e-02,-4.882915611625e-01
-3.569600043994e-02,1.310984754769e-02,-3.363884746704e-02,-4.276858671500e-01
-3.532304947956e-02,1.910115459431e-02,-3.037764221863e-02,-4.258947333567e-01
-4.075813945249e-02,2.813621671699e-02,-2.435166486274e-02,-4.659622409736e-01
-4.356843229145e-02,1.524604074056e-02,-2.038619633370e-02,-4.633853897761e-01
-3.678339402289e-02,7.875903238684e-03,-2.710675633309e-02,-4.017916578711e-01
-3.641044306251e-02,1.386721028530e-02,-2.384555108469e-02,-3.984692052505e-01
-4.735933057805e-02,-3.170835490141e-03,-2.146683514410e-02,-4.809542892782e-01
-3.813288820325e-02,-3.750617052277e-03,-2.859302894945e-02,-4.158430060314e-01
-4.115759966956e-02,-6.921452542418e-03,-2.395610379228e-02,-4.342154874985e-01
-4.223574208695e-02,4.742339358325e-03,-2.884922627984e-02,-4.545655686816e-01
-4.836782937147e-02,4.742339358325e-03,-2.533246151077e-02,-4.846044552016e-01
-3.779815656875e-02,5.233944309009e-03,-4.013585143521e-02,-4.598714026033e-01
-4.114834850400e-02,9.976283667334e-03,-3.538131741378e-02,-4.807424833669e-01
-2.905870374110e-02,-3.459901416305e-02,-2.275337923547e-02,-4.684213832354e-01
-2.196027144326e-02,-3.908608489040e-02,-3.205184423100e-02,-4.678665699595e-01
-2.608534494473e-02,-4.086509096988e-02,-2.575468477262e-02,-4.966621232043e-01
-2.863337152049e-02,-2.668461122478e-02,-2.577222827051e-02,-4.112764006608e-01
-5.145867804499e-02,-1.673223243968e-02,-1.635391090380e-02,-5.155159263476e-01
-5.232531247552e-02,-1.063745530504e-02,-1.810563079315e-02,-5.159426517520e-01
-4.389532041341e-02,-1.119873829018e-02,-2.649319328713e-02,-4.734864982299e-01
-5.009705132190e-02,-7.448121237902e-03,-2.400392463895e-02,-5.006666137952e-01
-4.343846572084e-02,-1.942786078844e-02,-2.224768469151e-02,-4.834240346217e-01
-3.852259140193e-02,-2.157039866682e-02,-1.872585172534e-02,-4.575524086868e-01
-3.638341842664e-02,-2.713672086630e-02,-2.341528777186e-02,-4.698563056331e-01
-4.045512387991e-02,-3.684468173312e-02,-8.676944717541e-03,-5.219097696741e-01
-4.536488813726e-02,-3.127443887720e-02,-7.454805215038e-03,-5.167232745838e-01
-4.385768787989e-02,-2.391455874918e-02,-1.448486318781e-02,-5.014049704818e-01
-3.594147138100e-02,-3.444772657486e-02,-1.219190816279e-02,-5.076577381067e-01
-4.085123563835e-02,-2.887748371895e-02,-1.096976866028e-02,-5.012876961904e-01
-3.680875064725e-02,-3.505112380458e-02,-2.039643873682e-02,-5.066637092864e-01
-4.877356219880e-02,-2.177202087081e-02,-1.800669615398e-02,-5.170900895447e-01
-4.129929274555e-02,-2.499418298793e-02,-2.693712073802e-02,-4.883315458069e-01
-3.905607224659e-02,-4.043272315708e-03,-3.955611078290e-02,-4.709690495028e-01
-4.270712657386e-02,-1.207117511575e-02,-3.343015615782e-02,-4.901967006799e-01
-3.959117060916e-02,-2.080833280537e-02,-3.281790794747e-02,-4.656916541067e-01
-3.830341029814e-02,-7.793889367985e-03,-3.454537943109e-02,-4.470823345715e-01
-2.441412787856e-02,-3.574003310587e-03,-4.928468930930e-02,-4.170194052894e-01
-2.791263342284e-02,-3.574003310587e-03,-4.317086124956e-02,-3.893495066250e-01
-3.338163686591e-02,-7.617275626295e-03,-4.379629608949e-02,-4.524082469386e-01
-3.262897491746e-02,-1.136789267857e-02,-3.878556473767e-02,-4.155958315474e-01
-2.715997147439e-02,-7.324620362864e-03,-3.816012989774e-02,-3.445493305986e-01
-1.788737677210e-02,-1.478045078123e-02,-4.417508281125e-02,-3.572265040987e-01
-3.142049705110e-02,-1.807463323265e-02,-4.212528522320e-02,-4.489465084818e-01
-1.535491055407e-02,-1.898346032738e-02,-3.804632940769e-02,-3.110960944742e-01
-2.595149360803e-02,-1.403136091694e-02,-4.149985038327e-02,-3.863915381138e-01
-2.341902739001e-02,-1.823437046309e-02,-3.537109697972e-02,-3.446529525684e-01
-3.397897646709e-02,-2.323778761169e-02,-3.727285170627e-02,-4.448993951923e-01
-2.423731041646e-02,-3.310692501151e-02,-3.702731541883e-02,-4.541013667206e-01
-2.793705169733e-02,-2.697152815272e-02,-3.374900499548e-02,-4.154052988504e-01
-3.538756751819e-03,-2.425159609314e-02,-4.934578244871e-02,-4.082867534407e-01
-7.903132306895e-03,-3.315466785671e-02,-4.381677315957e-02,-4.389455873422e-01
-3.538756751819e-03,-2.776836086221e-02,-4.321369516419e-02,-3.741578506915e-01
-1.692485888031e-02,-2.108030625780e-02,-4.749338404985e-02,-4.086850298502e-01
-1.439239266228e-02,-2.528331580395e-02,-4.136463064629e-02,-3.785179571971e-01
-1.183148562381e-02,-3.211490192906e-02,-3.860972893136e-02,-4.097743728808e-01
-7.467110068729e-03,-2.672859493455e-02,-3.800665093599e-02,-3.344747483751e-01
-1.875676821735e-02,-3.066962279845e-02,-4.196770864167e-02,-4.470462188924e-01
-1.887496927754e-02,-6.851623493953e-03,-5.141528213810e-02,-4.026835560022e-01
-7.912875098990e-03,-3.277620183366e-03,-5.478169548885e-02,-3.883041461227e-01
-3.277620183366e-03,-7.912875098990e-03,-5.478169548885e-02,-3.947686780096e-01
-1.241414974260e-02,-3.277620183366e-03,-4.960831804714e-02,-3.347641360793e-01
-6.816376935185e-03,-1.871243749212e-02,-5.147637527752e-02,-3.993139153711e-01
-7.778894826976e-03,-7.777327099934e-03,-4.514222629449e-02,-2.713714351660e-01
-3.277620183366e-03,-1.241258201556e-02,-4.958145148063e-02,-3.334770479952e-01
-1.327719647012e-02,-1.765118588709e-02,-5.026749162406e-02,-3.824329186295e-01
-1.423971436191e-02,-1.135133041052e-02,-4.694919038546e-02,-3.363608715159e-01
