k,Re_x,Im_x,Re_y,Im_y,Re_z,Im_z,mean
1,1.813545e+00,1.813545e+00,1.051494e+00,1.051494e+00,1.813545e+00,1.813545e+00,1.559528e+00
2,2.251953e+00,2.251953e+00,3.376152e+00,3.376152e+00,2.548920e+00,2.548920e+00,2.725675e+00
3,1.873416e+00,1.873416e+00,1.659189e+00,1.659189e+00,1.620893e+00,1.620893e+00,1.717833e+00
4,1.729343e+00,1.729343e+00,1.979599e+00,1.979599e+00,1.040293e+00,1.040293e+00,1.583078e+00
5,1.329351e+00,1.329351e+00,4.887725e-01,4.887725e-01,2.109033e+00,2.109033e+00,1.309052e+00
6,1.404711e+00,1.404711e+00,1.782958e+00,1.782958e+00,1.019234e+00,1.019234e+00,1.402301e+00
7,2.685641e+00,2.685641e+00,1.647189e+00,1.647189e+00,1.605091e+00,1.605091e+00,1.979307e+00
8,2.505408e+00,2.505408e+00,1.613069e+00,1.613069e+00,6.321449e+00,6.321449e+00,3.479975e+00
9,1.369089e+00,1.369089e+00,2.361943e+00,2.361943e+00,3.277733e+01,3.277733e+01,1.216946e+01
10,4.304785e+00,4.304785e+00,2.646487e+00,2.646487e+00,4.415652e+00,4.415652e+00,3.788974e+00
11,3.027262e+00,3.027262e+00,3.088427e+00,3.088427e+00,7.232392e+00,7.232392e+00,4.449360e+00
12,1.645916e+00,1.645916e+00,5.481732e+00,5.481732e+00,7.565978e+00,7.565978e+00,4.897875e+00
13,1.703015e+00,1.703015e+00,7.539091e-01,7.539091e-01,1.715600e+00,1.715600e+00,1.390841e+00
14,2.069689e+00,2.069689e+00,1.139641e+00,1.139641e+00,2.170089e+00,2.170089e+00,1.793139e+00
15,2.930075e+00,2.930075e+00,1.811461e+00,1.811461e+00,2.927080e+00,2.927080e+00,2.556205e+00
16,3.182065e+00,3.182065e+00,7.003017e-01,7.003017e-01,6.945714e-01,6.945714e-01,1.525646e+00
17,2.570465e+00,2.570465e+00,2.673243e+00,2.673243e+00,3.265033e+01,3.265033e+01,1.263135e+01
18,1.234302e+00,1.234302e+00,1.095499e+00,1.095499e+00,1.194730e+00,1.194730e+00,1.174844e+00
19,2.552347e+00,2.552347e+00,3.659145e+00,3.659145e+00,1.010115e+01,1.010115e+01,5.437549e+00
20,8.322665e-01,8.322665e-01,1.289923e+00,1.289923e+00,1.379592e+00,1.379592e+00,1.167261e+00
21,5.558788e+00,5.558788e+00,7.672351e-01,7.672351e-01,1.321602e+01,1.321602e+01,6.514015e+00
22,2.582240e+00,2.582240e+00,1.381732e+00,1.381732e+00,2.604895e+00,2.604895e+00,2.189622e+00
23,1.890843e+00,1.890843e+00,1.768301e+00,1.768301e+00,1.232445e+00,1.232445e+00,1.630530e+00
24,2.126253e+00,2.126253e+00,6.291021e+00,6.291021e+00,4.104838e+00,4.104838e+00,4.174038e+00
25,1.752072e+00,1.752072e+00,2.637985e+00,2.637985e+00,9.469387e+00,9.469387e+00,4.619815e+00
26,1.421208e+00,1.421208e+00,1.728369e+00,1.728369e+00,5.329177e-01,5.329177e-01,1.227499e+00
27,4.513417e+00,4.513417e+00,2.898422e+00,2.898422e+00,2.407180e+00,2.407180e+00,3.273006e+00
28,2.448776e+00,2.448776e+00,2.301648e+00,2.301648e+00,4.085725e+00,4.085725e+00,2.945383e+00
29,1.353382e+00,1.353382e+00,1.221787e+00,1.221787e+00,1.159843e+01,1.159843e+01,4.724531e+00
30,3.245812e+00,3.245812e+00,1.879571e+00,1.879571e+00,2.048622e+00,2.048622e+00,2.391335e+00
31,7.558800e-02,7.558800e-02,2.315991e+00,2.315991e+00,2.663301e-01,2.663301e-01,8.859696e-01
32,6.273370e-01,6.273370e-01,8.690697e-01,8.690697e-01,4.486118e+00,4.486118e+00,1.994175e+00
33,2.923855e+00,2.923855e+00,3.734415e+00,3.734415e+00,8.756007e+00,8.756007e+00,5.138092e+00
34,1.094664e+00,1.094664e+00,1.099240e+00,1.099240e+00,3.405139e+00,3.405139e+00,1.866347e+00
35,6.437527e+00,6.437527e+00,2.211938e+00,2.211938e+00,1.127302e+01,1.127302e+01,6.640829e+00
36,2.064318e+00,2.064318e+00,1.663881e+00,1.663881e+00,5.379870e+01,5.379870e+01,1.917563e+01
37,1.559409e+00,1.559409e+00,9.275727e-01,9.275727e-01,9.281598e-01,9.281598e-01,1.138380e+00
38,1.592431e+00,1.592431e+00,3.351713e+00,3.351713e+00,1.758548e+00,1.758548e+00,2.234231e+00
39,3.640771e-01,3.640771e-01,7.736555e-01,7.736555e-01,3.046316e-01,3.046316e-01,4.807881e-01
40,1.309783e+01,1.309783e+01,1.548928e+01,1.548928e+01,2.491290e+00,2.491290e+00,1.035947e+01
41,1.975245e+00,1.975245e+00,1.816015e+00,1.816015e+00,1.575315e+00,1.575315e+00,1.788858e+00
42,3.456913e+00,3.456913e+00,2.726671e+00,2.726671e+00,4.811232e+00,4.811232e+00,3.664939e+00
43,4.409270e+00,4.409270e+00,1.361721e+00,1.361721e+00,4.716867e+00,4.716867e+00,3.495953e+00
44,1.893126e+00,1.893126e+00,1.005761e+00,1.005761e+00,7.804087e+00,7.804087e+00,3.567658e+00
45,1.266979e+00,1.266979e+00,3.384272e+00,3.384272e+00,5.306593e+00,5.306593e+00,3.319281e+00
46,8.369019e+00,8.369019e+00,2.758488e+00,2.758488e+00,3.146070e+00,3.146070e+00,4.757859e+00
47,1.713687e+00,1.713687e+00,1.799072e+00,1.799072e+00,2.132571e+00,2.132571e+00,1.881777e+00
48,5.272468e+00,5.272468e+00,3.042879e+00,3.042879e+00,6.850563e+00,6.850563e+00,5.055303e+00
49,2.300586e+00,2.300586e+00,4.668752e-01,4.668752e-01,2.549572e+00,2.549572e+00,1.772345e+00
50,1.692772e+00,1.692772e+00,1.493523e+00,1.493523e+00,1.778189e+00,1.778189e+00,1.654828e+00
51,1.577794e+00,1.577794e+00,4.667992e+00,4.667992e+00,1.399188e+00,1.399188e+00,2.548325e+00
52,2.196361e+00,2.196361e+00,9.044533e-01,9.044533e-01,2.373667e+00,2.373667e+00,1.824827e+00
53,6.839623e+00,6.839623e+00,1.735468e+00,1.735468e+00,1.335887e+00,1.335887e+00,3.303660e+00
54,1.819533e+00,1.819533e+00,1.068155e+00,1.068155e+00,1.032282e+00,1.032282e+00,1.306656e+00
55,1.401544e+00,1.401544e+00,7.098201e-01,7.098201e-01,2.408800e+00,2.408800e+00,1.506721e+00
56,4.078416e+00,4.078416e+00,1.363737e+00,1.363737e+00,4.016934e+00,4.016934e+00,3.153029e+00
57,9.319054e-01,9.319054e-01,7.284652e-01,7.284652e-01,9.991872e-01,9.991872e-01,8.865193e-01
58,1.693966e+00,1.693966e+00,3.608508e+00,3.608508e+00,3.669793e+00,3.669793e+00,2.990755e+00
59,3.886656e+00,3.886656e+00,3.041283e+00,3.041283e+00,2.795936e+00,2.795936e+00,3.241292e+00
60,1.700202e+00,1.700202e+00,1.160627e+00,1.160627e+00,1.699681e+00,1.699681e+00,1.520170e+00
61,3.424589e+00,3.424589e+00,1.892559e+00,1.892559e+00,2.172661e+00,2.172661e+00,2.496603e+00
62,1.649454e+00,1.649454e+00,7.243899e-01,7.243899e-01,8.764524e-01,8.764524e-01,1.083432e+00
63,1.010983e+00,1.010983e+00,8.858182e-01,8.858182e-01,8.692587e-01,8.692587e-01,9.220200e-01
64,3.984984e+00,3.984984e+00,3.173080e+01,3.173080e+01,3.058442e+00,3.058442e+00,1.292474e+01
